Title,Date
"Snowpiercer: Season 2: Our Answer for Everything","10/03/2021"
"Glee: Season 1: Acafellas","08/03/2021"
"Glee: Season 1: Showmance","08/03/2021"
"Glee: Season 1: Pilot","08/03/2021"
"Snowpiercer: Season 2: Many Miles from Snowpiercer","04/03/2021"
"Howl’s Moving Castle","01/03/2021"
"Dark: Season 3: Life and Death","28/02/2021"
"Dark: Season 3: The Origin","28/02/2021"
"Tiny Pretty Things: Season 1: Push Comes to Shove","28/02/2021"
"Tiny Pretty Things: Season 1: It's Not the Waking, It's the Rising","28/02/2021"
"Tiny Pretty Things: Season 1: Relevé","28/02/2021"
"Tiny Pretty Things: Season 1: Catch & Release","28/02/2021"
"Tiny Pretty Things: Season 1: Joie de Vivre","28/02/2021"
"Tiny Pretty Things: Season 1: Split Sole","27/02/2021"
"Tiny Pretty Things: Season 1: Dance Dance Revolution","27/02/2021"
"Tiny Pretty Things: Season 1: Class Act","27/02/2021"
"Tiny Pretty Things: Season 1: Range of Motion","27/02/2021"
"Wonder Woman","27/02/2021"
"Tiny Pretty Things: Season 1: Corps","26/02/2021"
"Pretend It’s a City: Limited Series: Pretend It’s a City","26/02/2021"
"She-Ra and the Princesses of Power: Season 5: Heart Part 2","25/02/2021"
"Carmen Sandiego: Season 4: The Dark Red Caper","25/02/2021"
"Carmen Sandiego: Season 1: Becoming Carmen Sandiego: Part I","25/02/2021"
"Carmen Sandiego: To Steal or Not to Steal","25/02/2021"
"Carmen Sandiego: Season 4: The Viennese Waltz Caper","25/02/2021"
"Schloss Einstein: Season 21: Episode 26","25/02/2021"
"Snowpiercer: Season 2: Keep Hope Alive","24/02/2021"
"Snowpiercer: Season 2: A Single Trade","24/02/2021"
"Snowpiercer: Season 2: A Great Odyssey","24/02/2021"
"The Fresh Prince of Bel-Air: Season 1: Someday Your Prince Will Be in Effect: Part 1","24/02/2021"
"Tribes of Europa: Season 1: Chapter 6","23/02/2021"
"Tribes of Europa: Season 1: Chapter 5","23/02/2021"
"Tribes of Europa: Season 1: Chapter 4","23/02/2021"
"Tribes of Europa: Season 1: Chapter 3","23/02/2021"
"Tribes of Europa: Season 1: Chapter 2","23/02/2021"
"Tribes of Europa: Season 1: Chapter 1","23/02/2021"
"Carmen Sandiego: Season 4: The Egyptian Decryption Caper","20/02/2021"
"Carmen Sandiego: Season 4: The V.I.L.E. History Caper","20/02/2021"
"Carmen Sandiego: Season 4: The Himalayan Rescue Caper","20/02/2021"
"Carmen Sandiego: Season 4: The Robo Caper","19/02/2021"
"Carmen Sandiego: Season 4: The Big Bad Ivy Caper","18/02/2021"
"Carmen Sandiego: Season 4: The Beijing Bullion Caper","18/02/2021"
"Carmen Sandiego: Season 3: The Jolly Good Show Caper","18/02/2021"
"Carmen Sandiego: Season 3: The Masks of Venice Caper","18/02/2021"
"Carmen Sandiego: Season 3: The Haunted Bayou Caper","16/02/2021"
"Carmen Sandiego: Season 3: The Day of the Dead Caper","16/02/2021"
"Carmen Sandiego: Season 3: The Luchadora Tango Caper","16/02/2021"
"Carmen Sandiego: Season 2: The Deep Dive Caper","15/02/2021"
"Carmen Sandiego: Season 2: The African Ice Caper","15/02/2021"
"Carmen Sandiego: Season 2: The Stockholm Syndrome Caper","15/02/2021"
"Carmen Sandiego: Season 2: The Crackle Goes Kiwi Caper","15/02/2021"
"Carmen Sandiego: Season 2: The Need for Speed Caper","15/02/2021"
"Carmen Sandiego: Season 2: The Boston Tea Party Caper","15/02/2021"
"Carmen Sandiego: Season 2: The Fashionista Caper","15/02/2021"
"Carmen Sandiego: Season 2: The Daisho Caper","12/02/2021"
"Carmen Sandiego: Season 2: The Hot Rocks of Rio Caper, Part 2","12/02/2021"
"Carmen Sandiego: Season 2: The Hot Rocks of Rio Caper, Part 1","12/02/2021"
"Carmen Sandiego: Season 1: The French Connection Caper","12/02/2021"
"Carmen Sandiego: Season 1: The Lucky Cat Caper","12/02/2021"
"Space Sweepers","11/02/2021"
"Carmen Sandiego: Season 1: The Chasing Paper Caper","11/02/2021"
"Carmen Sandiego: Season 1: The Opera in the Outback Caper","10/02/2021"
"Atypical: Season 1: Antarctica","09/02/2021"
"Carmen Sandiego: Season 1: The Duke of Vermeer Caper","09/02/2021"
"Carmen Sandiego: Season 1: The Fishy Doubloon Caper","09/02/2021"
"Carmen Sandiego: Season 1: The Sticky Rice Caper","09/02/2021"
"Carmen Sandiego: Season 1: Becoming Carmen Sandiego: Part II","09/02/2021"
"Gameboys Level-Up Edition: Season 1: AltGameboys","05/02/2021"
"Gameboys Level-Up Edition: Season 1: Crossing the Line","05/02/2021"
"Gameboys Level-Up Edition: Season 1: Jealousy in the Air","05/02/2021"
"Gameboys Level-Up Edition: Season 1: Stay Strong Forever","05/02/2021"
"Gameboys Level-Up Edition: Season 1: Pass or Play 2","05/02/2021"
"Gameboys Level-Up Edition: Season 1: Say It with Love","05/02/2021"
"Gameboys Level-Up Edition: Season 1: No Matter What","05/02/2021"
"Gameboys Level-Up Edition: Season 1: Elephant in the Room","05/02/2021"
"Gameboys Level-Up Edition: Season 1: Secret Party","05/02/2021"
"Gameboys Level-Up Edition: Season 1: Thrill of the Chase","04/02/2021"
"Gameboys Level-Up Edition: Season 1: One Who Is Victorious","04/02/2021"
"Gameboys Level-Up Edition: Season 1: Strangers Online","04/02/2021"
"Gameboys Level-Up Edition: Season 1: Pass or Play?","04/02/2021"
"Explained: Season 1: The Female Orgasm","02/02/2021"
"Snowpiercer: Season 2: Smolder to Life","02/02/2021"
"Fate: The Winx Saga: Season 1: A Fanatic Heart","02/02/2021"
"Fate: The Winx Saga: Season 1: Wither Into the Truth","01/02/2021"
"Fate: The Winx Saga: Season 1: Some Wrecked Angel","01/02/2021"
"Fate: The Winx Saga: Season 1: Heavy Mortal Hopes","01/02/2021"
"Fate: The Winx Saga: Season 1: No Strangers Here","31/01/2021"
"Fate: The Winx Saga: Season 1: To the Waters and the Wild","31/01/2021"
"Rita: Season 5: Chaos","29/01/2021"
"Rita: Season 5: The Lake","29/01/2021"
"Snowpiercer: Season 2: The Time of Two Engines","28/01/2021"
"Headspace Guide to Meditation: Season 1: How to Deal with Stress","23/01/2021"
"Headspace Guide to Meditation: Season 1: How to Fall in Love with Life","22/01/2021"
"Headspace Guide to Meditation: Season 1: How to Let Go","21/01/2021"
"Rita: Season 5: Boundaries","20/01/2021"
"Elite: Season 3: Polo","18/01/2021"
"Elite: Season 3: Nadia and Omar","18/01/2021"
"Elite: Season 3: Rebeca","18/01/2021"
"Elite: Season 3: Ander","18/01/2021"
"Elite: Season 3: Lu","18/01/2021"
"Elite: Season 3: Cayetana and Valerio","18/01/2021"
"Elite: Season 3: Samuel and Guzmán","17/01/2021"
"Elite: Season 3: Carla","17/01/2021"
"Elite: Season 2: 0 hours missing","17/01/2021"
"Elite: Season 2: 84 hours missing","17/01/2021"
"Elite: Season 2: 66 hours missing","17/01/2021"
"Elite: Season 2: 63 hours missing","16/01/2021"
"Elite: Season 2: 59 hours missing","16/01/2021"
"Elite: Season 2: 36 hours missing","16/01/2021"
"Elite: Season 2: 34 hours missing","16/01/2021"
"Elite: Season 2: 20 hours missing","16/01/2021"
"Headspace Guide to Meditation: Season 1: How to Get Started","15/01/2021"
"Elite: Season 1: Assilah","15/01/2021"
"Elite: Season 1: Everything Explodes","15/01/2021"
"Elite: Season 1: Everything Will Be Okay","15/01/2021"
"Elite: Season 1: Everyone Lies","15/01/2021"
"Elite: Season 1: Love is a Drug","15/01/2021"
"Elite: Season 1: Saturday Night","14/01/2021"
"Elite: Season 1: Desire","14/01/2021"
"Elite: Season 1: Welcome","14/01/2021"
"The Fresh Prince of Bel-Air: Season 1: Def Poet's Society","13/01/2021"
"The Fresh Prince of Bel-Air: Season 1: Mistaken Identity","13/01/2021"
"The Fresh Prince of Bel-Air: Season 1: Homeboy, Sweet Homeboy","13/01/2021"
"Spirited Away","12/01/2021"
"The Fresh Prince of Bel-Air: Season 1: Not with My Pig, You Don't","12/01/2021"
"The Fresh Prince of Bel-Air: Season 1: Clubba Hubba","12/01/2021"
"The Fresh Prince of Bel-Air: Season 1: Bang the Drum, Ashley","12/01/2021"
"The Fresh Prince of Bel-Air: Season 1: The Fresh Prince Project","12/01/2021"
"Deadly Class: Season 1: Reagan Youth","12/01/2021"
"Chilling Adventures of Sabrina: Part 4: Chapter Thirty-Six: At the Mountains of Madness","11/01/2021"
"Chilling Adventures of Sabrina: Part 4: Chapter Thirty-Five: The Endless","10/01/2021"
"Chilling Adventures of Sabrina: Part 4: Chapter Thirty-Four: The Returned","10/01/2021"
"Chilling Adventures of Sabrina: Part 4: Chapter Thirty-Three: Deus Ex Machina","10/01/2021"
"Chilling Adventures of Sabrina: Part 4: Chapter Thirty-Two: The Imp of the Perverse","10/01/2021"
"Chilling Adventures of Sabrina: Part 4: Chapter Thirty-One: The Weird","10/01/2021"
"Chilling Adventures of Sabrina: Part 4: Chapter Thirty: The Uninvited","10/01/2021"
"Chilling Adventures of Sabrina: Part 4: Chapter Twenty-Nine: The Eldritch Dark","10/01/2021"
"The Queen's Gambit: Limited Series: End Game","07/01/2021"
"Tuca & Bertie: Season 1: The Promotion","04/01/2021"
"Tuca & Bertie: Season 1: The Sugar Bowl","04/01/2021"
"Kissing Game: Season 1: got you!","04/01/2021"
"Big Mouth: Season 2: Guy Town","03/01/2021"
"Big Mouth: Season 2: Drug Buddies","03/01/2021"
"Big Mouth: Season 2: The Planned Parenthood Show","03/01/2021"
"Big Mouth: Season 2: Steve the Virgin","03/01/2021"
"Big Mouth: Season 2: The Shame Wizard","02/01/2021"
"Big Mouth: Season 2: What Is It About Boobs?","02/01/2021"
"Big Mouth: Season 2: Am I Normal?","02/01/2021"
"Big Mouth: Season 1: The Pornscape","02/01/2021"
"Big Mouth: Season 1: I Survived Jessi's Bat Mitzvah","02/01/2021"
"Big Mouth: Season 1: The Head Push","02/01/2021"
"The Queen's Gambit: Limited Series: Adjournment","02/01/2021"
"The Queen's Gambit: Limited Series: Fork","01/01/2021"
"Death to 2020","01/01/2021"
"Rita: Season 5: Hot Flash","30/12/2020"
"Rita: Season 5: Do You Speak English?","30/12/2020"
"Rita: Season 5: The Outing","30/12/2020"
"Rita: Season 5: Hullabaloo House","30/12/2020"
"Rita: Season 5: Fake News","30/12/2020"
"The Queen's Gambit: Limited Series: Middle Game","29/12/2020"
"The Queen's Gambit: Limited Series: Doubled Pawns","29/12/2020"
"The Queen's Gambit: Limited Series: Exchanges","29/12/2020"
"The Queen's Gambit: Limited Series: Openings","29/12/2020"
"The Netflix Afterparty: The Best Shows of The Worst Year","29/12/2020"
"Riverdale: Season 4: Chapter Sixty-Two: Witness for the Prosecution","29/12/2020"
"Chilling Adventures of Sabrina: Part 3: Chapter Twenty-Eight: Sabrina Is Legend","29/12/2020"
"The Midnight Gospel: Season 1: Turtles of the Eclipse","28/12/2020"
"The Midnight Gospel: Season 1: Vulture With Honor","28/12/2020"
"Jeopardy!: Season 34: Episode #7597","28/12/2020"
"Love & Anarchy: Season 1: The Present, Eternity and the Action Plan","27/12/2020"
"Love & Anarchy: Season 1: Ayahuasca","27/12/2020"
"Love & Anarchy: Season 1: Regrets","27/12/2020"
"Love & Anarchy: Season 1: The Book Fair","27/12/2020"
"Love & Anarchy: Season 1: Permanent Employment","26/12/2020"
"Love & Anarchy: Season 1: StreamUs","26/12/2020"
"Love & Anarchy: Season 1: Surprise Me","26/12/2020"
"Love & Anarchy: Season 1: How It All Began","26/12/2020"
"Rita: Season 4: Home","25/12/2020"
"Rita: Season 4: Family","25/12/2020"
"Rita: Season 4: Childhood Street","25/12/2020"
"Rita: Season 4: You and I","25/12/2020"
"Rita: Season 4: True Friends","25/12/2020"
"Rita: Season 4: Sudden Thaw","24/12/2020"
"Rita: Season 4: You Are What You Eat","24/12/2020"
"Rita: Season 4: Past/Present","24/12/2020"
"Big Mouth: Season 1: Requiem for a Wet Dream","22/12/2020"
"Big Mouth: Season 1: Pillow Talk","21/12/2020"
"Big Mouth: Season 1: Girls Are Horny Too","21/12/2020"
"Big Mouth: Season 1: Sleepover: A Harrowing Ordeal of Emotional Brutality","21/12/2020"
"Big Mouth: Season 1: Am I Gay?","21/12/2020"
"Big Mouth: Season 1: Everybody Bleeds","21/12/2020"
"Big Mouth: Season 1: Ejaculation","21/12/2020"
"Bureau of Magical Things: Season 1: End of the Road 2","21/12/2020"
"Bureau of Magical Things: Season 1: End of the Road 1","21/12/2020"
"Bureau of Magical Things: Season 1: On the Chase","21/12/2020"
"Bureau of Magical Things: Season 1: Accused","21/12/2020"
"Bureau of Magical Things: Season 1: The Prize","21/12/2020"
"Bureau of Magical Things: Season 1: Judgement Day","21/12/2020"
"Bureau of Magical Things: Season 1: The Eye of Horus","21/12/2020"
"Bureau of Magical Things: Season 1: Forces of Attraction","21/12/2020"
"Bureau of Magical Things: Season 1: Aisle 13","21/12/2020"
"Bureau of Magical Things: Season 1: A Fairy Tale","21/12/2020"
"Bureau of Magical Things: Season 1: Uncharted Waters","21/12/2020"
"Bureau of Magical Things: Season 1: On the Beach","21/12/2020"
"Bureau of Magical Things: Season 1: Shortcut","21/12/2020"
"Bureau of Magical Things: Season 1: Fairy for a Day","21/12/2020"
"Bureau of Magical Things: Season 1: The Test","21/12/2020"
"Bureau of Magical Things: Season 1: A knight to Remember","21/12/2020"
"Bureau of Magical Things: Season 1: Gone to the Dogs","21/12/2020"
"Bureau of Magical Things: Season 1: All the World's a Stage","21/12/2020"
"Bureau of Magical Things: Season 1: Magic in the Air","21/12/2020"
"Bureau of Magical Things: Season 1: A Magical Mishap","21/12/2020"
"Rick and Morty: Season 4: Star Mort Rick Turn of the Jerri","18/12/2020"
"Rick and Morty: Season 4: Childrick of Mort","18/12/2020"
"Rick and Morty: Season 4: The Vat of Acid Episode","18/12/2020"
"Rick and Morty: Season 4: Promortyus","18/12/2020"
"Rick and Morty: Season 4: Never Ricking Morty","18/12/2020"
"The Matrix Revolutions","15/12/2020"
"Alice in Borderland: Season 1: Episode 2","11/12/2020"
"Rick and Morty: Season 4: Rattlestar Ricklactica","11/12/2020"
"Rick and Morty: Season 4: Claw and Hoarder: Special Ricktim’s Morty","11/12/2020"
"Rick and Morty: Season 4: One Crew over the Crewcoo’s Morty","11/12/2020"
"Star Trek: Enterprise: Season 1: Broken Bow: Part 1 & 2","06/12/2020"
"Sense8: Season 1: Limbic Resonance","04/12/2020"
"Hazel Brugger: Tropical","03/12/2020"
"Maze Runner: Death Cure","03/12/2020"
"If Anything Happens I Love You","26/11/2020"
"Rita: Season 3: The Test","26/11/2020"
"Rita: Season 3: The Leader","26/11/2020"
"Rita: Season 3: Free Fall","26/11/2020"
"Rita: Season 3: Lice","26/11/2020"
"Der Tatortreiniger: Staffel 7: Einunddreißig","26/11/2020"
"Ender's Game","25/11/2020"
"Dave Chappelle: Collection: The Age of Spin: Dave Chappelle Live at The Hollywood Palladium","25/11/2020"
"Rita: Season 3: Evening Classes","20/11/2020"
"Orion Space Patrol: Angriff aus dem All: Invasion","18/11/2020"
"Orion Space Patrol: Angriff aus dem All: Angriff aus dem All","16/11/2020"
"Rita: Season 3: The Sponsor Kid","16/11/2020"
"Rita: Season 3: The Basement","16/11/2020"
"Spider-Man: Into the Spider-Verse","15/11/2020"
"She-Ra and the Princesses of Power: Season 5: Return to the Fright Zone","14/11/2020"
"Mystery Lab: Season 1: The Mysteries of the Bermuda Triangle","14/11/2020"
"Rita: Season 3: The Candidate","14/11/2020"
"Rita: Season 2: Weeds","14/11/2020"
"Rita: Season 2: The Role Model","14/11/2020"
"Rita: Season 2: First Love","14/11/2020"
"Rita: Season 2: I Love You","08/11/2020"
"Rita: Season 2: Team Player","08/11/2020"
"Rita: Season 2: And Baby Makes Three","07/11/2020"
"Rita: Season 2: The Garden","07/11/2020"
"Rita: Season 2: The Grown Up","06/11/2020"
"Rita: Season 1: The Mother","06/11/2020"
"Rita: Season 1: The Princess","06/11/2020"
"Rita: Season 1: The Hypocrite","06/11/2020"
"Rita: Season 1: The Protector","06/11/2020"
"Rita: Season 1: The Whore","06/11/2020"
"Rita: Season 1: The Anarchist","06/11/2020"
"Grand Army: Season 1: Brooklyn, 2020","06/11/2020"
"My Next Guest Needs No Introduction With David Letterman: Season 3: Robert Downey Jr.","05/11/2020"
"I Am Not Okay With This: Season 1: Dear Diary...","04/11/2020"
"King Cobra","04/11/2020"
"Deadly Class: Season 1: Sink With California","02/11/2020"
"Deadly Class: Season 1: Kids Of The Black Hole","02/11/2020"
"Deadly Class: Season 1: The Clampdown","02/11/2020"
"Deadly Class: Season 1: Rise Above","02/11/2020"
"Deadly Class: Season 1: Stigmata Martyr","02/11/2020"
"Deadly Class: Season 1: Saudade","02/11/2020"
"Deadly Class: Season 1: Mirror People","01/11/2020"
"Deadly Class: Season 1: Snake Pit","01/11/2020"
"Deadly Class: Season 1: Noise, Noise, Noise","01/11/2020"
"Osmosis: Season 1: Rebirth","01/11/2020"
"Osmosis: Season 1: Redemption","01/11/2020"
"Osmosis: Season 1: Separation","01/11/2020"
"Osmosis: Season 1: Betrayal","01/11/2020"
"Osmosis: Season 1: Crisis","31/10/2020"
"The Midnight Gospel: Season 1: Annihilation of Joy","31/10/2020"
"Osmosis: Season 1: Troubles","30/10/2020"
"Osmosis: Season 1: Soulmate","30/10/2020"
"Osmosis: Season 1: The Test","30/10/2020"
"Isi & Ossi","29/10/2020"
"Explained: Season 2: Pirates","20/10/2020"
"Kipo and the Age of Wonderbeasts: Season 3: Age of the Wonderbeasts","19/10/2020"
"Kipo and the Age of Wonderbeasts: Season 3: Prahmises","19/10/2020"
"Kipo and the Age of Wonderbeasts: Season 3: Hidden Treasures","19/10/2020"
"Kipo and the Age of Wonderbeasts: Season 3: Requiem for a Dave","19/10/2020"
"Kipo and the Age of Wonderbeasts: Season 3: It's a Trap","19/10/2020"
"Kipo and the Age of Wonderbeasts: Season 3: Song ReMix","19/10/2020"
"Kipo and the Age of Wonderbeasts: Season 3: Don't You Forget a Meow Me","19/10/2020"
"Kipo and the Age of Wonderbeasts: Season 3: A Wolf in Wolf's Clothing","19/10/2020"
"Kipo and the Age of Wonderbeasts: Season 3: Code Word Milkshake","19/10/2020"
"Kipo and the Age of Wonderbeasts: Season 3: Everything Is Crabs","19/10/2020"
"Kipo and the Age of Wonderbeasts: Season 2: Heroes on Fire","19/10/2020"
"Kipo and the Age of Wonderbeasts: Season 2: All That Glitters","19/10/2020"
"Kipo and the Age of Wonderbeasts: Season 2: Sympathy for the Mandrill","18/10/2020"
"Kipo and the Age of Wonderbeasts: Season 2: Benson and the Beast","18/10/2020"
"Kipo and the Age of Wonderbeasts: Season 2: Fun Gus Part II","18/10/2020"
"Kipo and the Age of Wonderbeasts: Season 2: Fun Gus Part 1","18/10/2020"
"Kipo and the Age of Wonderbeasts: Season 2: To Catch a Deathstalker","18/10/2020"
"Kipo and the Age of Wonderbeasts: Season 2: The Ballad of Brunchington Beach","18/10/2020"
"Kipo and the Age of Wonderbeasts: Season 2: The Goat Cheese Prophecy","18/10/2020"
"Kipo and the Age of Wonderbeasts: Season 2: Paw of the Jaguar","18/10/2020"
"Kipo and the Age of Wonderbeasts: Season 1: Beyond the Valley of the Dogs","18/10/2020"
"Kipo and the Age of Wonderbeasts: Season 1: Mute-Eat-Mute World","18/10/2020"
"Kipo and the Age of Wonderbeasts: Season 1: Twin Beaks","18/10/2020"
"Kipo and the Age of Wonderbeasts: Season 1: Mulholland","18/10/2020"
"Kipo and the Age of Wonderbeasts: Season 1: Ratland","18/10/2020"
"Kipo and the Age of Wonderbeasts: Season 1: The Astronomers in Turtlenecks","18/10/2020"
"Kipo and the Age of Wonderbeasts: Season 1: Cactus Town","18/10/2020"
"Kipo and the Age of Wonderbeasts: Season 1: Real Cats Wear Plaid","17/10/2020"
"Eurovision Song Contest: The Story of Fire Saga","17/10/2020"
"Kipo and the Age of Wonderbeasts: Season 1: Explosion Berries","17/10/2020"
"Kipo and the Age of Wonderbeasts: Season 1: Burrow Girl","17/10/2020"
"The Midnight Gospel: Season 1: Blinded By My End","10/10/2020"
"The Midnight Gospel: Season 1: Hunters Without a Home","10/10/2020"
"Pandemic: How to Prevent an Outbreak: Season 1: It Hunts Us","10/10/2020"
"The Social Dilemma","10/10/2020"
"I am Jonas","05/10/2020"
"Julie and the Phantoms: Season 1: Stand Tall","26/09/2020"
"Julie and the Phantoms: Season 1: Unsaid Emily","26/09/2020"
"Julie and the Phantoms: Season 1: Edge of Great","26/09/2020"
"Julie and the Phantoms: Season 1: Finally Free","26/09/2020"
"Julie and the Phantoms: Season 1: The Other Side of Hollywood","26/09/2020"
"Julie and the Phantoms: Season 1: I Got the Music","26/09/2020"
"Julie and the Phantoms: Season 1: Flying Solo","26/09/2020"
"Julie and the Phantoms: Season 1: Bright","25/09/2020"
"Julie and the Phantoms: Season 1: Wake Up","25/09/2020"
"Dark: Season 3: Adam and Eva","21/09/2020"
"The Wave","19/09/2020"
"Hjørdis: Season 1: In the Spotlight","18/09/2020"
"Hjørdis: Season 1: The Princess","17/09/2020"
"Hjørdis: Season 1: The Group","17/09/2020"
"Hjørdis: Season 1: The Guest","17/09/2020"
"Rita: Season 1: The Teacher","16/09/2020"
"Please Like Me: Season 1: Rhubarb and Custard","14/09/2020"
"Dark: Season 3: The Survivors","07/09/2020"
"Dark: Season 3: Deja-vu","07/09/2020"
"Monty Python's Flying Circus: Series 4: The Golden Age of Ballooning","05/09/2020"
"Monty Python's Flying Circus: Series 4: Michael Ellis","05/09/2020"
"Rita: Season 1: The Idealist","03/09/2020"
"Star Trek: Enterprise: Season 4: These Are the Voyages...","01/09/2020"
"Trinkets: Season 2: We Belong","01/09/2020"
"Trinkets: Season 2: Aren't You Gonna Say Something?","01/09/2020"
"Trinkets: Season 2: Black Friday","01/09/2020"
"Trinkets: Season 2: Same Time Last Year","29/08/2020"
"Trinkets: Season 2: Ocean's 11th Grade","28/08/2020"
"Trinkets: Season 2: Works in Progress","28/08/2020"
"Trinkets: Season 2: Ghouls Just Wanna Have Fun","28/08/2020"
"Trinkets: Season 2: Disconnected","28/08/2020"
"Trinkets: Season 2: Last Night of Freedom","28/08/2020"
"Trinkets: Season 2: Supernova","28/08/2020"
"Biohackers: Season 1: Fate","25/08/2020"
"Biohackers: Season 1: Betrayal","25/08/2020"
"Biohackers: Season 1: Certainty","25/08/2020"
"Biohackers: Season 1: Suspicion","25/08/2020"
"Biohackers: Season 1: Secrets","25/08/2020"
"Biohackers: Season 1: Arrival","25/08/2020"
"Ragnarok: Season 1: 541 Meters","25/08/2020"
"Ragnarok: Season 1: New Boy","25/08/2020"
"Ragnarok: Season 1: Yes, We Love This Country","25/08/2020"
"Ragnarok: Season 1: Atomic Number 48","25/08/2020"
"Ragnarok: Season 1: Ginnungagap","25/08/2020"
"She-Ra and the Princesses of Power: Season 1: Razz","24/08/2020"
"She-Ra and the Princesses of Power: Season 1: The Sword Part 2","24/08/2020"
"She-Ra and the Princesses of Power: Season 1: The Sword Part 1","24/08/2020"
"She-Ra and the Princesses of Power: Season 5: Heart Part 1","24/08/2020"
"How to Sell Drugs Online (Fast): Season 2: Don't be evil.","23/08/2020"
"How to Sell Drugs Online (Fast): Season 2: Move Fast and Break Things","23/08/2020"
"How to Sell Drugs Online (Fast): Season 2: Buy It. Sell It. Love It.","23/08/2020"
"How to Sell Drugs Online (Fast): Season 2: Inspired by Real Life","23/08/2020"
"How to Sell Drugs Online (Fast): Season 2: Where Do You Want to Go Today?","22/08/2020"
"How to Sell Drugs Online (Fast): Season 2: Think Different","22/08/2020"
"She-Ra and the Princesses of Power: Season 5: Failsafe","21/08/2020"
"She-Ra and the Princesses of Power: Season 5: An Ill Wind","21/08/2020"
"She-Ra and the Princesses of Power: Season 5: Shot in the Dark","21/08/2020"
"She-Ra and the Princesses of Power: Season 5: Perils of Peekablue","21/08/2020"
"She-Ra and the Princesses of Power: Season 5: Taking Control","21/08/2020"
"She-Ra and the Princesses of Power: Season 5: Save the Cat","21/08/2020"
"She-Ra and the Princesses of Power: Season 5: Stranded","21/08/2020"
"She-Ra and the Princesses of Power: Season 5: Corridors","21/08/2020"
"She-Ra and the Princesses of Power: Season 5: Launch","21/08/2020"
"She-Ra and the Princesses of Power: Season 5: Horde Prime","20/08/2020"
"She-Ra and the Princesses of Power: Season 4: Destiny Part 2","20/08/2020"
"She-Ra and the Princesses of Power: Season 4: Destiny Part 1","20/08/2020"
"She-Ra and the Princesses of Power: Season 4: Beast Island","20/08/2020"
"She-Ra and the Princesses of Power: Season 4: Fractures","16/08/2020"
"She-Ra and the Princesses of Power: Season 4: Hero","16/08/2020"
"She-Ra and the Princesses of Power: Season 4: Boys' Night Out","16/08/2020"
"She-Ra and the Princesses of Power: Season 4: Mer-Mysteries","16/08/2020"
"She-Ra and the Princesses of Power: Season 4: Princess Scorpia","11/08/2020"
"She-Ra and the Princesses of Power: Season 4: Protocol","11/08/2020"
"Star Trek: Voyager: Season 7: Endgame: Parts 1 & 2","08/08/2020"
"She-Ra and the Princesses of Power: Season 4: Pulse","05/08/2020"
"The Umbrella Academy: Season 2: The End of Something","04/08/2020"
"The Umbrella Academy: Season 2: 743","04/08/2020"
"The Umbrella Academy: Season 2: The Seven Stages","03/08/2020"
"The Umbrella Academy: Season 2: Öga for Öga","03/08/2020"
"The Umbrella Academy: Season 2: A Light Supper","03/08/2020"
"The Umbrella Academy: Season 2: Valhalla","03/08/2020"
"The Umbrella Academy: Season 2: The Majestic 12","02/08/2020"
"The Umbrella Academy: Season 2: The Swedish Job","02/08/2020"
"The Umbrella Academy: Season 2: The Frankel Footage","02/08/2020"
"The Umbrella Academy: Season 2: Right Back Where We Started","02/08/2020"
"Star Trek: Voyager: Season 7: Renaissance Man","02/08/2020"
"Snowpiercer: Season 1: 994 Cars Long","30/07/2020"
"Snowpiercer: Season 1: The Train Demanded Blood","30/07/2020"
"Snowpiercer: Season 1: These Are His Revolutions","30/07/2020"
"The Magic School Bus Rides Again: Season 1: Frizzle of the Future","30/07/2020"
"American Horror Story: Roanoke: Chapter 2","27/07/2020"
"American Horror Story: Roanoke: Chapter 1","27/07/2020"
"She-Ra and the Princesses of Power: Season 4: Flutterina","14/07/2020"
"She-Ra and the Princesses of Power: Season 4: The Valley of the Lost","14/07/2020"
"She-Ra and the Princesses of Power: Season 4: The Coronation","13/07/2020"
"She-Ra and the Princesses of Power: Season 3: The Portal","13/07/2020"
"She-Ra and the Princesses of Power: Season 3: Remember","13/07/2020"
"She-Ra and the Princesses of Power: Season 3: Moment of Truth","13/07/2020"
"She-Ra and the Princesses of Power: Season 3: Once Upon a Time in the Waste","13/07/2020"
"She-Ra and the Princesses of Power: Season 3: Huntara","13/07/2020"
"She-Ra and the Princesses of Power: Season 3: The Price of Power","13/07/2020"
"She-Ra and the Princesses of Power: Season 2: Reunion","13/07/2020"
"She-Ra and the Princesses of Power: Season 2: Light Spinner","13/07/2020"
"She-Ra and the Princesses of Power: Season 2: White Out","13/07/2020"
"She-Ra and the Princesses of Power: Season 2: Roll With It","13/07/2020"
"She-Ra and the Princesses of Power: Season 2: Signals","13/07/2020"
"She-Ra and the Princesses of Power: Season 2: Ties That Bind","13/07/2020"
"She-Ra and the Princesses of Power: Season 2: The Frozen Forest","13/07/2020"
"She-Ra and the Princesses of Power: Season 1: The Battle of Bright Moon","12/07/2020"
"She-Ra and the Princesses of Power: Season 1: Light Hope","12/07/2020"
"She-Ra and the Princesses of Power: Season 1: Promise","12/07/2020"
"She-Ra and the Princesses of Power: Season 1: The Beacon","12/07/2020"
"She-Ra and the Princesses of Power: Season 1: No Princess Left Behind","12/07/2020"
"She-Ra and the Princesses of Power: Season 1: Princess Prom","12/07/2020"
"She-Ra and the Princesses of Power: Season 1: In the Shadows of Mystacor","12/07/2020"
"She-Ra and the Princesses of Power: Season 1: System Failure","12/07/2020"
"She-Ra and the Princesses of Power: Season 1: The Sea Gate","12/07/2020"
"She-Ra and the Princesses of Power: Season 1: Flowers for She-Ra","12/07/2020"
"X-Men: Apocalypse","07/07/2020"
"COMEDIANS of the world: UK: Mae Martin","06/07/2020"
"Feel Good: Season 1: Episode 6","06/07/2020"
"Feel Good: Season 1: Episode 5","06/07/2020"
"Feel Good: Season 1: Episode 4","06/07/2020"
"Feel Good: Season 1: Episode 3","06/07/2020"
"Feel Good: Season 1: Episode 2","06/07/2020"
"Feel Good: Season 1: Episode 1","06/07/2020"
"Snowpiercer: Season 1: The Universe Is Indifferent","05/07/2020"
"Dark: Season 2: Endings and Beginnings","03/07/2020"
"Dark: Season 2: The White Devil","02/07/2020"
"Dark: Season 2: An Endless Cycle","02/07/2020"
"Dark: Season 2: Lost and Found","01/07/2020"
"Dark: Season 2: The Travelers","01/07/2020"
"Dark: Season 2: Ghosts","01/07/2020"
"Dark: Season 2: Dark Matter","01/07/2020"
"Dark: Season 2: Beginnings and Endings","29/06/2020"
"Snowpiercer: Season 1: Trouble Comes Sideways","28/06/2020"
"Dark: Season 1: Alpha and Omega","21/06/2020"
"Dark: Season 1: Everything Is Now","20/06/2020"
"Dark: Season 1: As You Sow, So You Shall Reap","20/06/2020"
"Dark: Season 1: Crossroads","20/06/2020"
"Dark: Season 1: Sic Mundus Creatus Est","20/06/2020"
"Dark: Season 1: Truths","20/06/2020"
"Rick and Morty: Season 4: The Old Man and the Seat","20/06/2020"
"Rick and Morty: Season 4: Edge of Tomorty: Rick Die Rickpeat","20/06/2020"
"Dark: Season 1: Double Lives","19/06/2020"
"Dark: Season 1: Past and Present","19/06/2020"
"Dark: Season 1: Lies","19/06/2020"
"Wynonna Earp: Season 1: Constant Cravings","19/06/2020"
"Wynonna Earp: Season 1: Digging Up Bones","19/06/2020"
"Snowpiercer: Season 1: Justice Never Boarded","18/06/2020"
"Wynonna Earp: Season 1: The Blade","17/06/2020"
"Wynonna Earp: Season 1: Leavin' on Your Mind","17/06/2020"
"Dark: Season 1: Secrets","17/06/2020"
"Wynonna Earp: Season 1: Keep the Home Fires Burning","15/06/2020"
"Wynonna Earp: Season 1: Purgatory","14/06/2020"
"October Faction: Season 1: The October Faction","14/06/2020"
"No Good Nick: Part 1: The Catfish","14/06/2020"
"Snowpiercer: Season 1: Without Their Maker","10/06/2020"
"Space Force: Season 1: THE SPY","08/06/2020"
"History 101: Season 1: Fast Food","08/06/2020"
"Snowpiercer: Season 1: Access Is Power","08/06/2020"
"Snowpiercer: Season 1: Prepare to Brace","08/06/2020"
"Snowpiercer: Season 1: First, the Weather Changed","08/06/2020"
"Space Force: Season 1: SPACE FLAG","05/06/2020"
"Space Force: Season 1: LUNAR HABITAT","05/06/2020"
"Space Force: Season 1: MARK AND MALLORY GO TO WASHINGTON","05/06/2020"
"Space Force: Season 1: SAVE EPSILON 6!","05/06/2020"
"Space Force: Season 1: THE LAUNCH","05/06/2020"
"Hollywood: Season 1: A Hollywood Ending","04/06/2020"
"Hollywood: Season 1: Meg","04/06/2020"
"Hollywood: Season 1: Jump","04/06/2020"
"Hollywood: Season 1: (Screen) Tests","03/06/2020"
"Hollywood: Season 1: Outlaws","03/06/2020"
"Hollywood: Season 1: Hooray for Hollywood: Part 2","03/06/2020"
"Hollywood: Season 1: Hooray for Hollywood","03/06/2020"
"Carolin Kebekus: PussyTerror TV: Season 5: Episode 8","31/05/2020"
"Orange Is the New Black: Season 7: Just Desserts","24/05/2020"
"Tron: Legacy","17/05/2020"
"Lost in Space: Season 2: Ninety-Seven","15/05/2020"
"Lost in Space: Season 2: Shell Game","15/05/2020"
"Lost in Space: Season 2: Unknown","15/05/2020"
"Lost in Space: Season 2: Evolution","15/05/2020"
"Lost in Space: Season 2: Severed","15/05/2020"
"Lost in Space: Season 2: Run","15/05/2020"
"Lost in Space: Season 2: Scarecrow","15/05/2020"
"Lost in Space: Season 2: Echoes","15/05/2020"
"Lost in Space: Season 2: Precipice","15/05/2020"
"Lost in Space: Season 2: Shipwrecked","15/05/2020"
"The Hollow: Season 2: Race","13/05/2020"
"The Hollow: Season 2: Fire","13/05/2020"
"The Hollow: Season 2: Fang","13/05/2020"
"The Hollow: Season 2: Unbalanced","13/05/2020"
"The Hollow: Season 2: Dead End","13/05/2020"
"The Hollow: Season 2: Alchemy","13/05/2020"
"The Hollow: Season 2: Puzzled","13/05/2020"
"The Hollow: Season 2: The Return","13/05/2020"
"The Hollow: Season 2: Hollow Games","13/05/2020"
"The Hollow: Season 2: Home","13/05/2020"
"The Hollow: Season 1: Colrath","13/05/2020"
"The Hollow: Season 1: Cocoon","13/05/2020"
"The Hollow: Season 1: Ice","13/05/2020"
"The Hollow: Season 1: The Riddle","13/05/2020"
"The Hollow: Season 1: Undead","13/05/2020"
"The Hollow: Season 1: Ishibo","13/05/2020"
"The Hollow: Season 1: The Lighthouse","13/05/2020"
"The Hollow: Season 1: Apocalypse","13/05/2020"
"The Hollow: Season 1: The Desert","13/05/2020"
"The Hollow: Season 1: The Room","13/05/2020"
"My Hero Academia: Season 1: In Each of our Hearts","03/05/2020"
"My Hero Academia: Season 1: All Might","03/05/2020"
"My Hero Academia: Season 1: Game Over","03/05/2020"
"My Hero Academia: Season 1: Encounter with the Unknown","03/05/2020"
"My Hero Academia: Season 1: Yeah, Just Do Your Best, Iida!","03/05/2020"
"My Hero Academia: Season 1: Bakugo's Start Line","03/05/2020"
"My Hero Academia: Season 1: Deku vs. Kacchan","03/05/2020"
"My Hero Academia: Season 1: Rage, You Damned Nerd","03/05/2020"
"My Hero Academia: Season 1: What I Can Do For Now","03/05/2020"
"My Hero Academia: Season 1: Start Line","03/05/2020"
"My Hero Academia: Season 1: Roaring Muscles","03/05/2020"
"My Hero Academia: Season 1: What It Takes to Be a Hero","03/05/2020"
"My Hero Academia: Season 1: Izuku Midoriya: Origin","02/05/2020"
"The Midnight Gospel: Season 1: Officers and Wolves","28/04/2020"
"Always a Witch: Season 2: Impossible","28/04/2020"
"Always a Witch: Season 2: One Last Wish","28/04/2020"
"Always a Witch: Season 2: From Student to Master","28/04/2020"
"Omniscient: Season 1: Don't forget that I'll keep my eyes on you","24/04/2020"
"Omniscient: Season 1: Open this door!","24/04/2020"
"Omniscient: Season 1: Who wants to dive in first?","24/04/2020"
"Omniscient: Season 1: This is our Pandora's Box","24/04/2020"
"Omniscient: Season 1: A good person who's done a horrible thing","24/04/2020"
"Omniscient: Season 1: I committed a crime","24/04/2020"
"The Midnight Gospel: Season 1: Taste of the King","22/04/2020"
"Timeless: Season 2: The Miracle of Christmas Part 2","16/04/2020"
"Timeless: Season 2: The Miracle of Christmas Part 1","16/04/2020"
"Timeless: Season 2: Chinatown","16/04/2020"
"Timeless: Season 2: The General","05/04/2020"
"Timeless: Season 2: The Day Reagan Was Shot","05/04/2020"
"Timeless: Season 2: Mrs. Sherlock Holmes","05/04/2020"
"Timeless: Season 2: The King of the Delta Blues","05/04/2020"
"Timeless: Season 2: The Kennedy Curse","05/04/2020"
"Timeless: Season 2: The Salem Witch Hunt","05/04/2020"
"Timeless: Season 2: Hollywoodland","05/04/2020"
"Timeless: Season 2: The Darlington 500","05/04/2020"
"Timeless: Season 2: The War to End All Wars","05/04/2020"
"The Platform","27/03/2020"
"Call Me by Your Name","27/03/2020"
"Freud: Season 1: Suppression","27/03/2020"
"Freud: Season 1: Hysteria","27/03/2020"
"October Faction: Season 1: Presidio","26/03/2020"
"Greenhouse Academy: Season 4: The Client","26/03/2020"
"Greenhouse Academy: Season 4: Room 205","26/03/2020"
"Greenhouse Academy: Season 4: Hundred Percent","26/03/2020"
"Greenhouse Academy: Season 4: Cortinarius Orellanus","26/03/2020"
"Greenhouse Academy: Season 4: Gummy Bears","26/03/2020"
"Greenhouse Academy: Season 4: A Not Totally Bad Person","26/03/2020"
"THE UNLISTED: Season 1: Episode 1","25/03/2020"
"Greenhouse Academy: Season 4: The Quick One","25/03/2020"
"Greenhouse Academy: Season 4: Rock by Rock","25/03/2020"
"Greenhouse Academy: Season 3: The Beeps","25/03/2020"
"Greenhouse Academy: Season 3: The Hidden Flag","25/03/2020"
"Greenhouse Academy: Season 3: A Piece of Moon Rock","25/03/2020"
"Greenhouse Academy: Season 3: Old Trophies","25/03/2020"
"Greenhouse Academy: Season 3: Your New Best Friend","25/03/2020"
"Greenhouse Academy: Season 3: The Perfect Solution","24/03/2020"
"Greenhouse Academy: Season 3: The Interrogation","24/03/2020"
"Greenhouse Academy: Season 3: The Hike","24/03/2020"
"I Am Not Okay With This: Season 1: Deepest, Darkest Secret","06/03/2020"
"I Am Not Okay With This: Season 1: Like Father, Like Daughter","06/03/2020"
"I Am Not Okay With This: Season 1: Another Day in Paradise","06/03/2020"
"I Am Not Okay With This: Season 1: Stan by Me","06/03/2020"
"I Am Not Okay With This: Season 1: The Party's Over","06/03/2020"
"I Am Not Okay With This: Season 1: The Master of One F**k","06/03/2020"
"Always a Witch: Season 2: A Crack in Time","03/03/2020"
"Always a Witch: Season 2: Mr. Hyde","03/03/2020"
"Always a Witch: Season 2: Antares","03/03/2020"
"Black Mirror: Season 5: Smithereens","03/03/2020"
"Always a Witch: Season 2: Leeches","03/03/2020"
"Always a Witch: Season 2: Someone Like Me","02/03/2020"
"October Faction: Season 1: Bonds of Blood","02/03/2020"
"October Faction: Season 1: Alice","01/03/2020"
"October Faction: Season 1: Nadir","01/03/2020"
"October Faction: Season 1: Open Your Eyes","01/03/2020"
"October Faction: Season 1: Truth and Consequences","29/02/2020"
"October Faction: Season 1: Soirees of Future Past","29/02/2020"
"October Faction: Season 1: The Horror Out of Time","29/02/2020"
"October Faction: Season 1: No Country for Old Vamps","29/02/2020"
"Black Mirror: Season 5: Striking Vipers","24/02/2020"
"I Lost My Body","23/02/2020"
"Ragnarok: Season 1: Jutulheim","08/02/2020"
"Chilling Adventures of Sabrina: Part 3: Chapter Twenty-Seven: The Judas Kiss","05/02/2020"
"Nobody's Looking: Season 1: Under the wing","02/02/2020"
"Nobody's Looking: Season 1: Immortal?","02/02/2020"
"Nobody's Looking: Season 1: (dis)beliefs","02/02/2020"
"Nobody's Looking: Season 1: Not angel, angelus","02/02/2020"
"Nobody's Looking: Season 1: Suck it, Hamster!","02/02/2020"
"Nobody's Looking: Season 1: Life isn't random by chance","02/02/2020"
"Nobody's Looking: Season 1: Oh My Hamster","02/02/2020"
"Nobody's Looking: Season 1: Shoot!","02/02/2020"
"Interstellar","02/02/2020"
"Chilling Adventures of Sabrina: Part 3: Chapter Twenty-Six: All of Them Witches","30/01/2020"
"Chilling Adventures of Sabrina: Part 3: Chapter Twenty-Five: The Devil Within","30/01/2020"
"Chilling Adventures of Sabrina: Part 3: Chapter Twenty-Four: The Hare Moon","29/01/2020"
"Chilling Adventures of Sabrina: Part 3: Chapter Twenty-Three: Heavy Is the Crown","29/01/2020"
"Chilling Adventures of Sabrina: Part 3: Chapter Twenty-Two: Drag Me to Hell","29/01/2020"
"Chilling Adventures of Sabrina: Part 3: Chapter Twenty-One: The Hellbound Heart","29/01/2020"
"Chilling Adventures of Sabrina: Part 2: Chapter Twenty: The Mephisto Waltz","29/01/2020"
"Sex Education: Season 2: Episode 8","28/01/2020"
"Ares: Season 1: Episode 8","27/01/2020"
"Ares: Season 1: Episode 7","27/01/2020"
"Ares: Season 1: Episode 6","27/01/2020"
"Ares: Season 1: Episode 5","27/01/2020"
"Ares: Season 1: Episode 4","27/01/2020"
"Ares: Season 1: Episode 3","26/01/2020"
"Ares: Season 1: Episode 2","26/01/2020"
"Ares: Season 1: Episode 1","26/01/2020"
"Never Ever do this at home!: Season 1: Episode 1","22/01/2020"
"Sex Education: Season 2: Episode 7","21/01/2020"
"Sex Education: Season 2: Episode 6","21/01/2020"
"Sex Education: Season 2: Episode 5","21/01/2020"
"Sex Education: Season 2: Episode 4","21/01/2020"
"Sex Education: Season 2: Episode 3","21/01/2020"
"Sex Education: Season 2: Episode 2","21/01/2020"
"Riverdale: Season 4: Chapter Sixty-One: “Halloween”","20/01/2020"
"Sex Education: Season 2: Episode 1","20/01/2020"
"Riverdale: Season 4: Chapter Fifty-Eight: In Memoriam","03/01/2020"
"Rick and Morty: Season 3: The Rickchurian Mortydate","27/12/2019"
"Rick and Morty: Season 3: The ABC's of Beth","27/12/2019"
"Rick and Morty: Season 3: Morty's Mind Blowers","27/12/2019"
"Rick and Morty: Season 3: The Ricklantis Mixup","27/12/2019"
"Rick and Morty: Season 3: Rest and Ricklaxation","27/12/2019"
"Rick and Morty: Season 3: The Whirly Dirly Conspiracy","27/12/2019"
"Rick and Morty: Season 3: Vindicators 3:  The Return of Worldender","27/12/2019"
"Rick and Morty: Season 3: Pickle Rick","27/12/2019"
"Rick and Morty: Season 3: Rickmancing the Stone","27/12/2019"
"Rick and Morty: Season 3: The Rickshank Rickdemption","27/12/2019"
"Rick and Morty: Season 2: The Wedding Squanchers","20/12/2019"
"Rick and Morty: Season 2: Look Who's Purging Now","18/12/2019"
"Rick and Morty: Season 2: Interdimensional Cable 2: Tempting Fate","18/12/2019"
"Rick and Morty: Season 2: Big Trouble in Little Sanchez","17/12/2019"
"Rick and Morty: Season 2: The Ricks Must Be Crazy","17/12/2019"
"Minecraft: Story Mode: Season 1: The Order of the Stone","16/12/2019"
"Rick and Morty: Season 2: Get Schwifty","08/12/2019"
"Rick and Morty: Season 2: Total Rickall","08/12/2019"
"Rick and Morty: Season 2: Auto Erotic Assimilation","08/12/2019"
"Rick and Morty: Season 2: Mortynight Run","08/12/2019"
"Rick and Morty: Season 2: A Rickle in Time","08/12/2019"
"Rick and Morty: Season 1: Ricksy Business","08/12/2019"
"Rick and Morty: Season 1: Close Rick-counters of the Rick Kind","06/12/2019"
"South Park: Season 21: Put It Down","02/12/2019"
"Rick and Morty: Season 1: Something Ricked This Way Comes","24/11/2019"
"Rick and Morty: Season 1: Rixty Minutes","24/11/2019"
"Rick and Morty: Season 1: Raising Gazorpazorp","23/11/2019"
"Riverdale: Season 3: Chapter Fifty-Seven: Survive the Night","22/11/2019"
"Riverdale: Season 3: Chapter Fifty-Six: The Dark Secret of Harvest House","22/11/2019"
"Rick and Morty: Season 1: Rick Potion #9","22/11/2019"
"Rick and Morty: Season 1: Meeseeks and Destroy","21/11/2019"
"Rick and Morty: Season 1: M. Night Shaym-Aliens!","21/11/2019"
"Rick and Morty: Season 1: Anatomy Park","20/11/2019"
"Rick and Morty: Season 1: Lawnmower Dog","20/11/2019"
"Rick and Morty: Season 1: Pilot","20/11/2019"
"Daybreak: Season 1: Schmuck Bait!","20/11/2019"
"Daybreak: Season 1: Josh vs. the Apocalypse: Part 1","20/11/2019"
"South Park: Season 21: White People Renovating Houses","30/10/2019"
"South Park: Season 1: Cartman Gets an Anal Probe","30/10/2019"
"The Gruffalo","16/10/2019"
"Mullewapp-das Grosses Kinoabenteuer der Freunde","16/10/2019"
"Altered Carbon: Season 1: The Killers","14/10/2019"
"Altered Carbon: Season 1: Rage in Heaven","13/10/2019"
"Altered Carbon: Season 1: Clash by Night","11/10/2019"
"Altered Carbon: Season 1: Nora Inu","10/10/2019"
"Altered Carbon: Season 1: Man with My Face","21/09/2019"
"Altered Carbon: Season 1: The Wrong Man","21/09/2019"
"Altered Carbon: Season 1: Force of Evil","18/09/2019"
"Altered Carbon: Season 1: In a Lonely Place","17/09/2019"
"Altered Carbon: Season 1: Fallen Angel","15/09/2019"
"Altered Carbon: Season 1: Out of the Past","15/09/2019"
"Der Tatortreiniger: Staffel 7: Der Kopf","12/09/2019"
"The Umbrella Academy: Season 1: We Only See Each Other at Weddings and Funerals","12/09/2019"
"Der Tatortreiniger: Season 4: Tauschgeschäfte","03/09/2019"
"Der Tatortreiniger: Season 2: Angehörige","03/09/2019"
"The Society: Season 1: What Happened","02/09/2019"
"Star Trek: Enterprise: Season 4: Terra Prime","28/08/2019"
"Star Trek: Enterprise: Season 4: Demons","28/08/2019"
"Star Trek: Enterprise: Season 4: Cold Station 12","28/08/2019"
"Star Trek: Enterprise: Season 4: Borderland","28/08/2019"
"Star Trek: Enterprise: Season 4: Home","28/08/2019"
"Star Trek: Enterprise: Season 4: Storm Front: Part 2","28/08/2019"
"Star Trek: Enterprise: Season 4: Storm Front: Part 1","28/08/2019"
"Tales of the City (1993): Season 1: Episode 1","20/08/2019"
"The Fifth Element","07/08/2019"
"Tales of the City: Limited Series: Three of Cups","05/08/2019"
"Tales of the City: Limited Series: Rainbow Warriors","30/07/2019"
"Tales of the City: Limited Series: Days of Small Surrenders","28/07/2019"
"Tales of the City: Limited Series: Next Level Sh*t","25/07/2019"
"Tales of the City: Limited Series: A Touch O' Butch","25/07/2019"
"Tales of the City: Limited Series: Not Today, Satan","25/07/2019"
"Tales of the City: Limited Series: The Price of Oil","24/07/2019"
"Tales of the City: Limited Series: Happy, Now?","16/07/2019"
"Tales of the City: Limited Series: She Messy","11/07/2019"
"Tales of the City: Limited Series: Coming Home","11/07/2019"
"Nowhere Boys: Season 2: Episode 13","03/07/2019"
"Nowhere Boys: Season 3: What Happened to Bremin?","03/07/2019"
"Nowhere Boys: Season 3: The New Boy","02/07/2019"
"Nowhere Boys: Season 2: Episode 12","02/07/2019"
"Nowhere Boys: Season 2: Episode 11","02/07/2019"
"Nowhere Boys: Season 2: Episode 10","02/07/2019"
"Nowhere Boys: Season 2: Episode 9","02/07/2019"
"Nowhere Boys: Season 2: Episode 8","02/07/2019"
"Nowhere Boys: Season 2: Episode 7","01/07/2019"
"Nowhere Boys: Season 2: Episode 6","01/07/2019"
"Nowhere Boys: Season 2: Episode 5","01/07/2019"
"Nowhere Boys: Season 2: Episode 4","01/07/2019"
"Nowhere Boys: Season 2: Episode 3","01/07/2019"
"Nowhere Boys: Season 2: Episode 2","01/07/2019"
"Nowhere Boys: Season 2: Episode 1","01/07/2019"
"Nowhere Boys: Season 1: Episode 13","30/06/2019"
"Nowhere Boys: Season 1: Episode 12","30/06/2019"
"Nowhere Boys: Season 1: Episode 11","30/06/2019"
"Nowhere Boys: Season 1: Episode 10","29/06/2019"
"Nowhere Boys: Season 1: Episode 9","29/06/2019"
"Nowhere Boys: Season 1: Episode 8","29/06/2019"
"Nowhere Boys: Season 1: Episode 7","29/06/2019"
"Nowhere Boys: Season 1: Episode 6","29/06/2019"
"Nowhere Boys: Season 1: Episode 5","29/06/2019"
"Nowhere Boys: Season 1: Episode 4","29/06/2019"
"Nowhere Boys: Season 1: Episode 3","29/06/2019"
"Nowhere Boys: Season 1: Episode 2","29/06/2019"
"Nowhere Boys: Season 1: Episode 1","29/06/2019"
"Love, Death & Robots: Volume 1: BLINDSPOT","29/06/2019"
"How to Sell Drugs Online (Fast): Season 1: If You Are the Smartest One in the Room, You're in the Wrong Room","25/06/2019"
"How to Sell Drugs Online (Fast): Season 1: Score Big or Don't Score at All","25/06/2019"
"How to Sell Drugs Online (Fast): Season 1: If This is Reality, I'm Not Interested","25/06/2019"
"How to Sell Drugs Online (Fast): Season 1: Failure is Not an Option","25/06/2019"
"How to Sell Drugs Online (Fast): Season 1: Life's Not Fair, Get Used to It","25/06/2019"
"How to Sell Drugs Online (Fast): Season 1: Nerd Today, Boss Tomorrow","25/06/2019"
"Love, Death & Robots: Volume 1: THE SECRET WAR","25/06/2019"
"Love, Death & Robots: Volume 1: ALTERNATE HISTORIES","25/06/2019"
"Love, Death & Robots: Volume 1: ICE AGE","25/06/2019"
"Trinkets: Season 1: The Great Escape","23/06/2019"
"Trinkets: Season 1: Night Market","23/06/2019"
"Trinkets: Season 1: Monday I'm in Love","23/06/2019"
"Trinkets: Season 1: Truth Serum","23/06/2019"
"Trinkets: Season 1: Rearview Mirror","23/06/2019"
"Trinkets: Season 1: Big Mistake","23/06/2019"
"Trinkets: Season 1: Happy F**king Birthday","23/06/2019"
"Trinkets: Season 1: P*ssy Palace","23/06/2019"
"Trinkets: Season 1: Paper Tiger","23/06/2019"
"Trinkets: Season 1: Mirror Faces","23/06/2019"
"The End of the F***ing World: Season 1: Episode 1","13/06/2019"
"Riverdale: Season 3: Chapter Fifty-Five: Prom Night","15/05/2019"
"Riverdale: Season 3: Chapter Fifty-Four: “Fear the Reaper”","15/05/2019"
"Riverdale: Season 3: Chapter Fifty-Three: Jawbreaker","08/05/2019"
"Chilling Adventures of Sabrina: Part 2: Chapter Nineteen: The Mandrake","03/05/2019"
"Chilling Adventures of Sabrina: Part 2: Chapter Eighteen: The Miracles of Sabrina Spellman","03/05/2019"
"Chilling Adventures of Sabrina: Part 2: Chapter Seventeen: The Missionaries","03/05/2019"
"Chilling Adventures of Sabrina: Part 2: Chapter Sixteen: Blackwood","30/04/2019"
"Chilling Adventures of Sabrina: Part 2: Chapter Fifteen: Doctor Cerberus's House of Horror","28/04/2019"
"Chilling Adventures of Sabrina: Part 2: Chapter Fourteen: Lupercalia","28/04/2019"
"Chilling Adventures of Sabrina: Part 2: Chapter Thirteen: The Passion of Sabrina Spellman","28/04/2019"
"Chilling Adventures of Sabrina: Part 2: Chapter Twelve: The Epiphany","28/04/2019"
"Riverdale: Season 3: Chapter Fifty-Two: “The Raid”","27/04/2019"
"Riverdale: Season 3: Chapter Fifty-One: Big Fun","27/04/2019"
"Kiss Me First: Season 1: Off the Rails","07/04/2019"
"Familie Braun: Season 1: Sieg!","07/04/2019"
"Familie Braun: Season 1: Spieleabend","07/04/2019"
"Familie Braun: Season 1: Deutschunterricht","07/04/2019"
"Familie Braun: Season 1: Kostümtag","07/04/2019"
"Familie Braun: Season 1: Hitler ist schwul","07/04/2019"
"Familie Braun: Season 1: Integrationskurs","07/04/2019"
"Familie Braun: Season 1: Abschiebung gescheitert","07/04/2019"
"Familie Braun: Season 1: Lara","07/04/2019"
"Bruno and Boots: Go Jump in the Pool","02/04/2019"
"Santa Clarita Diet: Season 1: So Then a Bat or a Monkey","01/04/2019"
"Kiss Me First: Season 1: Make It Stop","29/03/2019"
"Kiss Me First: Season 1: She Did Something","28/03/2019"
"Queer Eye: Season 3: From Hunter to Huntee","19/03/2019"
"Timeless: Season 1: The Red Scare","17/03/2019"
"Timeless: Season 1: The World's Columbian Exposition","17/03/2019"
"Riverdale: Season 3: Chapter Fifty: American Dreams","17/03/2019"
"Riverdale: Season 3: Chapter Forty-Nine: Fire Walk With Me","16/03/2019"
"Touch: Season 1: 1 + 1 = 3","13/03/2019"
"Assassination Classroom: Season 2: Episode 25","12/03/2019"
"Assassination Classroom: Season 2: Episode 24","12/03/2019"
"Assassination Classroom: Season 2: Episode 23","12/03/2019"
"Assassination Classroom: Season 2: Episode 22","11/03/2019"
"Assassination Classroom: Season 2: Episode 21","11/03/2019"
"Assassination Classroom: Season 2: Episode 20","11/03/2019"
"Assassination Classroom: Season 2: Episode 19","11/03/2019"
"Assassination Classroom: Season 2: Episode 18","11/03/2019"
"Assassination Classroom: Season 2: Episode 17","10/03/2019"
"Riverdale: Season 3: Chapter Forty-Eight: Requiem for a Welterweight","10/03/2019"
"Assassination Classroom: Season 2: Episode 16","09/03/2019"
"Assassination Classroom: Season 2: Episode 15","09/03/2019"
"Assassination Classroom: Season 2: Episode 14","08/03/2019"
"Assassination Classroom: Season 2: Episode 13","08/03/2019"
"Assassination Classroom: Season 2: Episode 12","08/03/2019"
"Assassination Classroom: Season 2: Episode 11","07/03/2019"
"Assassination Classroom: Season 2: Episode 10","07/03/2019"
"Assassination Classroom: Season 2: Episode 9","07/03/2019"
"Assassination Classroom: Season 2: Episode 8","07/03/2019"
"Assassination Classroom: Season 2: Episode 7","06/03/2019"
"Assassination Classroom: Season 2: Episode 6","06/03/2019"
"Assassination Classroom: Season 2: Episode 5","06/03/2019"
"Assassination Classroom: Season 2: Episode 4","06/03/2019"
"Assassination Classroom: Season 2: Episode 3","05/03/2019"
"Assassination Classroom: Season 2: Episode 2","05/03/2019"
"Assassination Classroom: Season 2: Episode 1","05/03/2019"
"Assassination Classroom: Season 1: Episode 22","05/03/2019"
"Assassination Classroom: Season 1: Episode 21","05/03/2019"
"Assassination Classroom: Season 1: Episode 20","04/03/2019"
"Assassination Classroom: Season 1: Episode 19","04/03/2019"
"Assassination Classroom: Season 1: Episode 18","03/03/2019"
"Assassination Classroom: Season 1: Episode 17","03/03/2019"
"Assassination Classroom: Season 1: Episode 16","03/03/2019"
"Assassination Classroom: Season 1: Episode 15","02/03/2019"
"Assassination Classroom: Season 1: Episode 14","02/03/2019"
"Assassination Classroom: Season 1: Episode 13","02/03/2019"
"Assassination Classroom: Season 1: Episode 12","02/03/2019"
"Assassination Classroom: Season 1: Episode 10","01/03/2019"
"Assassination Classroom: Season 1: Episode 11","01/03/2019"
"Assassination Classroom: Season 1: Episode 9","01/03/2019"
"Assassination Classroom: Season 1: Episode 8","01/03/2019"
"Assassination Classroom: Season 1: Episode 7","01/03/2019"
"Assassination Classroom: Season 1: Episode 6","01/03/2019"
"Assassination Classroom: Season 1: Episode 5","01/03/2019"
"Assassination Classroom: Season 1: Episode 4","01/03/2019"
"Assassination Classroom: Season 1: Episode 3","01/03/2019"
"Assassination Classroom: Season 1: Episode 2","01/03/2019"
"Assassination Classroom: Season 1: Episode 1","01/03/2019"
"Carolin Kebekus: PussyTerror TV: Staffel 1: Episode 1","01/03/2019"
"Carolin Kebekus: PussyTerror TV: Staffel 4: PussyTerror TV - Sendung vom 17.05.2018","01/03/2019"
"Touch: Season 1: Tales of the Red Thread","25/02/2019"
"Bruno and Boots: The Wizzle War","25/02/2019"
"RuPaul's Drag Race: Season 10: Breastworld","25/02/2019"
"The Umbrella Academy: Season 1: The White Violin","24/02/2019"
"Greenhouse Academy: Season 2: Home","24/02/2019"
"Greenhouse Academy: Season 2: Bad Decisions","24/02/2019"
"Greenhouse Academy: Season 2: Kyle","24/02/2019"
"Greenhouse Academy: Season 2: A Born Leader","24/02/2019"
"Greenhouse Academy: Season 2: More Than a Hunch","24/02/2019"
"Greenhouse Academy: Season 2: The Spiral","24/02/2019"
"Greenhouse Academy: Season 2: The Workshop","24/02/2019"
"Greenhouse Academy: Season 2: Surfing Lessons","24/02/2019"
"Greenhouse Academy: Season 2: Meant to Be","24/02/2019"
"Greenhouse Academy: Season 2: A Day Off","24/02/2019"
"Greenhouse Academy: Season 2: The Client","24/02/2019"
"Pose: Season 1: Pilot","24/02/2019"
"Greenhouse Academy: Season 2: Escape Mechanism","23/02/2019"
"Greenhouse Academy: Season 1: L.D.R.","23/02/2019"
"Greenhouse Academy: Season 1: Great Scott","23/02/2019"
"Greenhouse Academy: Season 1: Guilt-Free Cupcakes","23/02/2019"
"Greenhouse Academy: Season 1: Steph","23/02/2019"
"Greenhouse Academy: Season 1: The Outsider","23/02/2019"
"Greenhouse Academy: Season 1: Swimming Lessons","23/02/2019"
"Greenhouse Academy: Season 1: Captain Material","23/02/2019"
"Greenhouse Academy: Season 1: Black Smoke","23/02/2019"
"Greenhouse Academy: Season 1: Private Screening","23/02/2019"
"The Umbrella Academy: Season 1: Changes","22/02/2019"
"Greenhouse Academy: Season 1: Breaking and Entering","22/02/2019"
"Greenhouse Academy: Season 1: The Opening Challenge","22/02/2019"
"Always a Witch: Season 1: The Final Trip","21/02/2019"
"Always a Witch: Season 1: The Time Portal","21/02/2019"
"Always a Witch: Season 1: 1646","21/02/2019"
"Always a Witch: Season 1: Lucien","21/02/2019"
"Always a Witch: Season 1: The Ritual of Forgetting","21/02/2019"
"Greenhouse Academy: Season 1: Pilot","21/02/2019"
"Always a Witch: Season 1: The Festival of Candela","19/02/2019"
"Always a Witch: Season 1: Stolen Shadow, Witch Forgotten","19/02/2019"
"The Umbrella Academy: Season 1: I Heard a Rumor","18/02/2019"
"The Umbrella Academy: Season 1: The Day That Was","18/02/2019"
"The Umbrella Academy: Season 1: The Day That Wasn't","18/02/2019"
"The Umbrella Academy: Season 1: Number Five","18/02/2019"
"The Umbrella Academy: Season 1: Man on the Moon","17/02/2019"
"The Umbrella Academy: Season 1: Extra Ordinary","17/02/2019"
"The Umbrella Academy: Season 1: Run Boy Run","17/02/2019"
"Riverdale: Season 3: Chapter	Forty-Seven:	Bizarrodale","15/02/2019"
"Riverdale: Season 3: Chapter Forty-Six: The Red Dahlia","15/02/2019"
"Always a Witch: Season 1: Ouija","14/02/2019"
"Always a Witch: Season 1: A University Witch","14/02/2019"
"Always a Witch: Season 1: A Leap in Time","14/02/2019"
"Bruno and Boots: This Can't Be Happening at Macdonald Hall","12/02/2019"
"Sex Education: Season 1: Episode 8","01/02/2019"
"Sex Education: Season 1: Episode 7","01/02/2019"
"Sex Education: Season 1: Episode 6","01/02/2019"
"Sex Education: Season 1: Episode 5","01/02/2019"
"Sex Education: Season 1: Episode 4","01/02/2019"
"Sex Education: Season 1: Episode 3","31/01/2019"
"Sex Education: Season 1: Episode 2","31/01/2019"
"Sex Education: Season 1: Episode 1","31/01/2019"
"Riverdale: Season 3: Chapter Forty-Five: The Stranger","25/01/2019"
"Riverdale: Season 3: Chapter Forty-Four: No Exit","25/01/2019"
"Sherlock: Series 3: The Abominable Bride","24/01/2019"
"Sherlock: Series 3: His Last Vow","24/01/2019"
"Degrassi: Next Class: Season 1: #BootyCall","24/01/2019"
"Riverdale: Season 3: Chapter Forty-Three: Outbreak","18/01/2019"
"Riverdale: Season 3: Chapter Forty-Two: The Man in Black","18/01/2019"
"Riverdale: Season 3: Chapter Forty-One: Manhunter","18/01/2019"
"Riverdale: Season 3: Chapter Forty: The Great Escape","17/01/2019"
"Riverdale: Season 3: Chapter Thirty-Nine: The Midnight Club","17/01/2019"
"Riverdale: Season 3: Chapter Thirty-Eight: “As Above, So Below”","17/01/2019"
"Riverdale: Season 3: Chapter Thirty-Seven: Fortune and Men's Eyes","17/01/2019"
"Riverdale: Season 3: Chapter Thirty-Six: Labor Day","16/01/2019"
"Riverdale: Season 2: Chapter Thirty-Five: Brave New World","16/01/2019"
"Riverdale: Season 2: Chapter Thirty-Four: Judgment Night","16/01/2019"
"Riverdale: Season 2: Chapter Thirty-Three: Shadow of a Doubt","16/01/2019"
"Riverdale: Season 2: Chapter Thirty-Two: Prisoners","15/01/2019"
"Riverdale: Season 2: Chapter Thirty-One: A Night to Remember","15/01/2019"
"Riverdale: Season 2: Chapter Thirty: The Noose Tightens","15/01/2019"
"Riverdale: Season 2: Chapter Twenty-Nine: Primary Colors","15/01/2019"
"Riverdale: Season 2: Chapter Twenty-Eight: There Will Be Blood","15/01/2019"
"Riverdale: Season 2: Chapter Twenty-Seven: The Hills Have Eyes","15/01/2019"
"Riverdale: Season 2: Chapter Twenty-Six: The Tell-Tale Heart","15/01/2019"
"Riverdale: Season 2: Chapter Twenty-Five: The Wicked and the Divine","15/01/2019"
"Riverdale: Season 2: Chapter Twenty-Four: The Wrestler","15/01/2019"
"Riverdale: Season 2: Chapter Twenty-Three: The Blackboard Jungle","14/01/2019"
"Riverdale: Season 2: Chapter Twenty-Two: Silent Night, Deadly Night","14/01/2019"
"Riverdale: Season 2: Chapter Twenty-One: House of the Devil","14/01/2019"
"Riverdale: Season 2: Chapter Twenty: Tales from the Darkside","14/01/2019"
"Riverdale: Season 2: Chapter Nineteen: Death Proof","14/01/2019"
"Riverdale: Season 2: Chapter Eighteen: When a Stranger Calls","13/01/2019"
"Black Mirror: Bandersnatch","13/01/2019"
"Riverdale: Season 2: Chapter Seventeen: The Town That Dreaded Sundown","12/01/2019"
"Riverdale: Season 2: Chapter Sixteen: The Watcher in the Woods","11/01/2019"
"Riverdale: Season 2: Chapter Fifteen: Nighthawks","11/01/2019"
"Riverdale: Season 2: Chapter Fourteen: A Kiss Before Dying","11/01/2019"
"Riverdale: Season 1: Chapter Thirteen: The Sweet Hereafter","10/01/2019"
"Riverdale: Season 1: Chapter Twelve: Anatomy of a Murder","10/01/2019"
"Riverdale: Season 1: Chapter Nine: La Grande Illusion","09/01/2019"
"Riverdale: Season 1: Chapter Eleven: To Riverdale and Back Again","09/01/2019"
"Riverdale: Season 1: Chapter Ten: The Lost Weekend","09/01/2019"
"Riverdale: Season 1: Chapter Eight: The Outsiders","09/01/2019"
"Riverdale: Season 1: Chapter Seven: In a Lonely Place","07/01/2019"
"Riverdale: Season 1: Chapter Six: Faster, Pussycats! Kill! Kill!","07/01/2019"
"Riverdale: Season 1: Chapter Five: Heart of Darkness","07/01/2019"
"Riverdale: Season 1: Chapter Four: The Last Picture Show","07/01/2019"
"Riverdale: Season 1: Chapter Three: Body Double","07/01/2019"
"Riverdale: Season 1: Chapter Two: Touch of Evil","07/01/2019"
"Riverdale: Season 1: Chapter One: The River's Edge","07/01/2019"
"Please Like Me: Season 4: Burrito Bowl","07/01/2019"
"Chilling Adventures of Sabrina: Part 1: Chapter Eleven: A Midwinter's Tale","03/01/2019"
"Chilling Adventures of Sabrina: Part 1: Chapter Ten: The Witching Hour","03/01/2019"
"Chilling Adventures of Sabrina: Part 1: Chapter Nine: The Returned Man","03/01/2019"
"Chilling Adventures of Sabrina: Part 1: Chapter Eight: The Burial","03/01/2019"
"Chilling Adventures of Sabrina: Part 1: Chapter Seven: Feast of Feasts","03/01/2019"
"Chilling Adventures of Sabrina: Part 1: Chapter Six: An Exorcism in Greendale","03/01/2019"
"Chilling Adventures of Sabrina: Part 1: Chapter Five: Dreams in a Witch House","03/01/2019"
"Chilling Adventures of Sabrina: Part 1: Chapter Four: Witch Academy","02/01/2019"
"Chilling Adventures of Sabrina: Part 1: Chapter Three: The Trial of Sabrina Spellman","02/01/2019"
"Chilling Adventures of Sabrina: Part 1: Chapter Two: The Dark Baptism","02/01/2019"
"Chilling Adventures of Sabrina: Part 1: Chapter One: October Country","02/01/2019"
": ","26/12/2018"
"Doctor Who: Season 10: Twice Upon a Time","25/12/2018"
"Monty Python's The Meaning of Life","16/12/2018"
": ","13/12/2018"
"Disenchantment: Part 1: For Whom the Pig Oinks","26/11/2018"
"Disenchantment: Part 1: A Princess, an Elf, and a Demon Walk Into a Bar","26/11/2018"
"Natural Selection","23/11/2018"
"Doctor Who: Season 5: A Christmas Carol","01/11/2018"
"Sense8: Season 1: I Am Also a We","24/10/2018"
"Maniac: Limited Series: Exactly Like You","10/10/2018"
"Amazing Interiors: Season 1: Hidden Cottage, Technicolor House, Backyard Coaster","10/10/2018"
"Maniac: Limited Series: Furs by Sebastian","08/10/2018"
"Maniac: Limited Series: Having a Day","08/10/2018"
"Maniac: Limited Series: Windmills","08/10/2018"
"Maniac: Limited Series: The Chosen One!","08/10/2018"
"Queer Eye: Season 2: The Handyman Can","26/09/2018"
"The Expanse: Season 2: Caliban's War","11/09/2018"
"The Expanse: Season 2: The Monster and the Rocket","10/09/2018"
"The Expanse: Season 2: Here There Be Dragons","10/09/2018"
"The Expanse: Season 2: Cascade","10/09/2018"
"The Expanse: Season 2: The Weeping Somnambulist","10/09/2018"
"The Expanse: Season 2: Pyre","10/09/2018"
"The Expanse: Season 2: The Seventh Man","10/09/2018"
"The Expanse: Season 2: Paradigm Shift","10/09/2018"
"The Expanse: Season 2: Home","10/09/2018"
"The Expanse: Season 2: Godspeed","09/09/2018"
"The Expanse: Season 2: Static","09/09/2018"
"The Expanse: Season 2: Doors & Corners","07/09/2018"
"The Expanse: Season 2: Safe","06/09/2018"
"The Expanse: Season 1: Leviathan Wakes","05/09/2018"
"The Expanse: Season 1: Critical Mass","05/09/2018"
"The Expanse: Season 1: Salvage","05/09/2018"
"The Expanse: Season 1: Windmills","05/09/2018"
"Please Like Me: Season 4: Souvlaki","05/09/2018"
"Alex Strangelove","29/08/2018"
"The Expanse: Season 1: Rock Bottom","27/08/2018"
"The Expanse: Season 1: Back To The Butcher","26/08/2018"
"The Expanse: Season 1: CQB","26/08/2018"
"The Expanse: Season 1: Remember The Cant","26/08/2018"
"The Expanse: Season 1: The Big Empty","24/08/2018"
"The Expanse: Season 1: Dulcinea","24/08/2018"
"The Perks of Being a Wallflower","24/08/2018"
"Reboot: The Guardian Code: Season 1: Mainframe Mayhem","20/08/2018"
"Reboot: The Guardian Code: Season 1: Datastorm","20/08/2018"
"Reboot: The Guardian Code: Season 1: Artificial Intelligence","20/08/2018"
"Reboot: The Guardian Code: Season 1: Game Day","20/08/2018"
"Reboot: The Guardian Code: Season 1: Emotional Rescue","20/08/2018"
"Reboot: The Guardian Code: Season 1: Discoveries","20/08/2018"
"Shadowhunters: The Mortal Instruments: Season 3: Erchomai","20/08/2018"
"Shadowhunters: The Mortal Instruments: Season 3: Familia Ante Omnia","20/08/2018"
"Reboot: The Guardian Code: Season 1: Catastrophic","20/08/2018"
"Reboot: The Guardian Code: Season 1: Fortress Command","19/08/2018"
"Reboot: The Guardian Code: Season 1: Resurrection","19/08/2018"
"Reboot: The Guardian Code: Season 1: Activation","19/08/2018"
"Explained: Season 1: Can We Live Forever?","18/08/2018"
"Video Game High School: Season 3: OMGWTFPS!?","18/08/2018"
"Video Game High School: Season 1: Welcome to VGHS","18/08/2018"
"Avatar: The Last Airbender: Book 3: Sozin's Comet: Part 4: Avatar Aang","17/08/2018"
"Avatar: The Last Airbender: Book 3: Sozin's Comet: Part 3: Into the Inferno","17/08/2018"
"Avatar: The Last Airbender: Book 3: Sozin's Comet: Part 2: The Old Masters","17/08/2018"
"Avatar: The Last Airbender: Book 3: Sozin's Comet: Part 1: The Phoenix King","17/08/2018"
"Avatar: The Last Airbender: Book 3: The Ember Island Players","16/08/2018"
"Avatar: The Last Airbender: Book 3: The Southern Raiders","16/08/2018"
"Avatar: The Last Airbender: Book 3: The Boiling Rock: Part 2","16/08/2018"
"Avatar: The Last Airbender: Book 3: The Boiling Rock: Part 1","16/08/2018"
"Avatar: The Last Airbender: Book 3: The Firebending Masters","16/08/2018"
"Avatar: The Last Airbender: Book 3: The Western Air Temple","16/08/2018"
"Avatar: The Last Airbender: Book 3: The Day of the Black Sun: Part 2","16/08/2018"
"Avatar: The Last Airbender: Book 3: The Day of the Black Sun: Part 1","16/08/2018"
"Avatar: The Last Airbender: Book 3: Nightmares and Daydreams","16/08/2018"
"Avatar: The Last Airbender: Book 3: The Puppetmaster","16/08/2018"
"Avatar: The Last Airbender: Book 3: The Runaway","16/08/2018"
"Avatar: The Last Airbender: Book 3: The Avatar and the Firelord","16/08/2018"
"Avatar: The Last Airbender: Book 3: The Beach","15/08/2018"
"Avatar: The Last Airbender: Book 3: Sokka's Master","15/08/2018"
"Avatar: The Last Airbender: Book 3: The Painted Lady","15/08/2018"
"Avatar: The Last Airbender: Book 3: The Headband","15/08/2018"
"Avatar: The Last Airbender: Book 3: The Awakening","15/08/2018"
"Avatar: The Last Airbender: Book 2: The Crossroads of Destiny","15/08/2018"
"Avatar: The Last Airbender: Book 2: The Guru","15/08/2018"
"Avatar: The Last Airbender: Book 2: The Earth King","15/08/2018"
"Avatar: The Last Airbender: Book 2: Lake Laogai","14/08/2018"
"Avatar: The Last Airbender: Book 2: Appa's Lost Days","14/08/2018"
"Avatar: The Last Airbender: Book 2: Tales of Ba Sing Se","14/08/2018"
"Avatar: The Last Airbender: Book 2: City of Walls and Secrets","14/08/2018"
"Avatar: The Last Airbender: Book 2: Journey to Ba Sing Se: Part 2: The Drill","14/08/2018"
"Avatar: The Last Airbender: Book 2: Journey to Ba Sing Se: Part 1: The Serpent's Pass","14/08/2018"
"Avatar: The Last Airbender: Book 2: The Desert","14/08/2018"
"Avatar: The Last Airbender: Book 2: The Library","14/08/2018"
"Avatar: The Last Airbender: Book 2: Bitter Work","14/08/2018"
"Avatar: The Last Airbender: Book 2: The Chase","14/08/2018"
"Avatar: The Last Airbender: Book 2: Zuko Alone","14/08/2018"
"Avatar: The Last Airbender: Book 2: The Blind Bandit","13/08/2018"
"Avatar: The Last Airbender: Book 2: Avatar Day","13/08/2018"
"Avatar: The Last Airbender: Book 2: The Swamp","13/08/2018"
"Avatar: The Last Airbender: Book 2: Return to Omashu","13/08/2018"
"Avatar: The Last Airbender: Book 2: The Cave of Two Lovers","12/08/2018"
"Avatar: The Last Airbender: Book 2: The Avatar State","12/08/2018"
"Avatar: The Last Airbender: Book 1: The Siege of the North: Part 2","12/08/2018"
"Avatar: The Last Airbender: Book 1: The Siege of the North: Part 1","12/08/2018"
"Avatar: The Last Airbender: Book 1: The Waterbending Master","12/08/2018"
"Avatar: The Last Airbender: Book 1: The Northern Air Temple","12/08/2018"
"Avatar: The Last Airbender: Book 1: The Deserter","12/08/2018"
"Avatar: The Last Airbender: Book 1: Bato of the Water Tribe","12/08/2018"
"Avatar: The Last Airbender: Book 1: The Fortune-Teller","12/08/2018"
"Avatar: The Last Airbender: Book 1: The Blue Spirit","12/08/2018"
"Avatar: The Last Airbender: Book 1: The Storm","12/08/2018"
"Avatar: The Last Airbender: Book 1: The Great Divide","11/08/2018"
"Avatar: The Last Airbender: Book 1: Jet","11/08/2018"
"Avatar: The Last Airbender: Book 1: The Waterbending Scroll","11/08/2018"
"Avatar: The Last Airbender: Book 1: Winter Solstice: Part 2: Avatar Roku","11/08/2018"
"Avatar: The Last Airbender: Book 1: Winter Solstice: Part 1: The Spirit World","11/08/2018"
"Avatar: The Last Airbender: Book 1: Imprisoned","11/08/2018"
"Avatar: The Last Airbender: Book 1: The King of Omashu","11/08/2018"
"Avatar: The Last Airbender: Book 1: The Warriors of Kyoshi","11/08/2018"
"Avatar: The Last Airbender: Book 1: The Southern Air Temple","10/08/2018"
"Avatar: The Last Airbender: Book 1: The Avatar Returns","10/08/2018"
"Avatar: The Last Airbender: Book 1: The Boy in the Iceberg","10/08/2018"
"","10/08/2018"
"Steven Universe: Season 1: Jail Break","22/07/2018"
"Steven Universe: Season 1: The Return","22/07/2018"
"Steven Universe: Season 1: Political Power","22/07/2018"
"Steven Universe: Season 1: The Message","22/07/2018"
"Steven Universe: Season 1: Story For Steven","22/07/2018"
"Steven Universe: Season 1: Shirt Club","22/07/2018"
"Steven Universe: Season 1: Open Book","22/07/2018"
"Steven Universe: Season 1: Rose's Scabbard","21/07/2018"
"Steven Universe: Season 1: Marble Madness","21/07/2018"
"Steven Universe: Season 1: Winter Forecast","21/07/2018"
"Steven Universe: Season 1: Maximum Capacity","21/07/2018"
"Steven Universe: Season 1: Horror Club","21/07/2018"
"Steven Universe: Season 1: On The Run","21/07/2018"
"Steven Universe: Season 1: Future Vision","21/07/2018"
"Steven Universe: Season 1: The Test","21/07/2018"
"Steven Universe: Season 1: Warp Tour","21/07/2018"
"Steven Universe: Season 1: Garnet's Universe","21/07/2018"
"Steven Universe: Season 1: Watermelon Steven","21/07/2018"
"Steven Universe: Season 1: Alone Together","21/07/2018"
"Steven Universe: Season 1: Island Adventure","21/07/2018"
"Steven Universe: Season 1: Lion 3: Straight To Video","21/07/2018"
"Steven Universe: Season 1: Fusion Cuisine","21/07/2018"
"Steven Universe: Season 1: Secret Team","21/07/2018"
"Steven Universe: Season 1: Keep Beach City Weird","21/07/2018"
"Steven Universe: Season 1: Space Race","21/07/2018"
"Bill Nye Saves the World: Season 3: Cheating Death","18/07/2018"
"Brain Games: Season 2: Focus Pocus","18/07/2018"
"Queer Eye: Season 2: Unleash the Sexy Beast","16/07/2018"
"Queer Eye: Season 2: A Decent Proposal","16/07/2018"
"Explained: Season 1: Extraterrestrial Life","15/07/2018"
"Explained: Season 1: !","14/07/2018"
"Steven Universe: Season 1: House Guest","14/07/2018"
"Steven Universe: Season 1: Ocean Gem: Part 2","14/07/2018"
"Steven Universe: Season 1: Mirror Gem: Part 1","14/07/2018"
"Steven Universe: Season 1: Joking Victim","14/07/2018"
"Steven Universe: Season 1: Monster Buddies","14/07/2018"
"Steven Universe: Season 1: An Indirect Kiss","14/07/2018"
"Steven Universe: Season 1: Steven And The Stevens","14/07/2018"
"Steven Universe: Season 1: Beach Party","14/07/2018"
"Steven Universe: Season 1: Rose's Room","14/07/2018"
"Steven Universe: Season 1: Onion Trade","14/07/2018"
"Steven Universe: Season 1: Lion 2: The Movie","09/07/2018"
"Steven Universe: Season 1: Coach Steven","09/07/2018"
"Mr. Young: Season 1: Mr. Space: Part 2","06/07/2018"
"Mr. Young: Season 1: Mr. Space: Part 1","06/07/2018"
"Mr. Young: Season 1: Mr. Moth","06/07/2018"
"Mr. Young: Season 1: Mr. Brain","06/07/2018"
"Mr. Young: Season 1: Mr. Masterpiece","06/07/2018"
"Sense8: Season 2: Amor Vincit Omnia","05/07/2018"
"Der Wixxer","05/07/2018"
"Mr. Young: Season 1: Mr. Servant","04/07/2018"
"Mr. Young: Season 1: Mr. Mummy","04/07/2018"
"Mr. Young: Season 1: Mr. Elderman","04/07/2018"
"Mr. Young: Season 1: Mr. Tickleschmootz","04/07/2018"
"Mr. Young: Season 1: Mr. School Song","03/07/2018"
"Mr. Young: Season 1: Mr. Picture Day","03/07/2018"
"Mr. Young: Season 1: Mr. Dog","03/07/2018"
"Mr. Young: Season 1: Mr. Marvelous","03/07/2018"
"Mr. Young: Season 1: Mr. Impossible","03/07/2018"
"Mr. Young: Season 1: Mr. Meteor","01/07/2018"
"Mr. Young: Season 1: Mr. Shakespeare","01/07/2018"
"Mr. Young: Season 1: Mr. Big Brother","01/07/2018"
"Mr. Young: Season 1: Mr. Ballerina","01/07/2018"
"Mr. Young: Season 1: Mr. Talent","01/07/2018"
"Mr. Young: Season 1: Mr. Honest","01/07/2018"
"Mr. Young: Season 1: Mr. Inventor","01/07/2018"
"Mr. Young: Season 1: Mr. DNA","01/07/2018"
"Mr. Young: Season 1: Mr. Detention","01/07/2018"
"Mr. Young: Season 1: Mr. Roboto","30/06/2018"
"Mr. Young: Season 1: Mr. Younger Man","30/06/2018"
"Mr. Young: Season 1: Mr. Young","30/06/2018"
"Steven Universe: Season 1: Lars and the Cool Kids","30/06/2018"
"Steven Universe: Season 1: So Many Birthdays","29/06/2018"
"Steven Universe: Season 1: Steven The Sword Fighter","29/06/2018"
"Steven Universe: Season 1: Steven's Lion","29/06/2018"
"Steven Universe: Season 1: Tiger Millionaire","29/06/2018"
"Steven Universe: Season 1: Giant Woman","29/06/2018"
"Steven Universe: Season 1: Arcade Mania","29/06/2018"
"Steven Universe: Season 1: Frybo","29/06/2018"
"Steven Universe: Season 1: Serious Steven","29/06/2018"
"Steven Universe: Season 1: Bubble Buddies","29/06/2018"
"Steven Universe: Season 1: Cat Fingers","29/06/2018"
"Steven Universe: Season 1: Together Breakfast","28/06/2018"
"Steven Universe: Season 1: Gem Glow","28/06/2018"
"Steven Universe: Season 1: Cheeseburger Backpack","28/06/2018"
"Steven Universe: Season 1: Laser Light Cannon","28/06/2018"
"Monty Python's Life of Brian","28/06/2018"
"Beach Rats","23/06/2018"
"Queer Eye: Season 2: God Bless Gay","18/06/2018"
": ","10/06/2018"
": ","10/06/2018"
": ","10/06/2018"
": ","10/06/2018"
": ","10/06/2018"
": ","07/06/2018"
": ","07/06/2018"
": ","04/06/2018"
": ","04/06/2018"
": ","03/06/2018"
": ","03/06/2018"
"Bill Nye Saves the World: Season 3: Recipes From The Future","03/06/2018"
"My Next Guest Needs No Introduction With David Letterman: Season 1: Howard Stern","03/06/2018"
"Sense8: Season 2: Isolated Above, Connected Below","02/06/2018"
": ","01/06/2018"
": ","01/06/2018"
"Shadowhunters: The Mortal Instruments: Season 3: A Walk in Darkness","31/05/2018"
"Explained: Season 1: K-Pop","31/05/2018"
": ","29/05/2018"
": ","29/05/2018"
": ","29/05/2018"
": ","29/05/2018"
": ","29/05/2018"
": ","29/05/2018"
": ","29/05/2018"
": ","29/05/2018"
": ","28/05/2018"
": ","28/05/2018"
": ","27/05/2018"
": ","27/05/2018"
": ","27/05/2018"
": ","27/05/2018"
": ","25/05/2018"
": ","25/05/2018"
": ","24/05/2018"
": ","24/05/2018"
": ","23/05/2018"
"Explained: Season 1: Monogamy","23/05/2018"
": ","22/05/2018"
": ","22/05/2018"
": ","22/05/2018"
": ","22/05/2018"
": ","22/05/2018"
": ","22/05/2018"
": ","22/05/2018"
": ","22/05/2018"
": ","22/05/2018"
": ","22/05/2018"
": ","21/05/2018"
": ","21/05/2018"
"John Mulaney: The Comeback Kid","21/05/2018"
": ","21/05/2018"
": ","21/05/2018"
": ","21/05/2018"
": ","21/05/2018"
"Black Mirror: Season 4: Metalhead","19/05/2018"
"Black Mirror: Season 4: Hang the DJ","19/05/2018"
"Black Mirror: Season 3: San Junipero","19/05/2018"
": ","18/05/2018"
": ","17/05/2018"
": ","15/05/2018"
"Doctor Who: Season 5: The Lodger","14/05/2018"
": ","14/05/2018"
": ","10/05/2018"
": ","10/05/2018"
": ","10/05/2018"
": ","10/05/2018"
": ","07/05/2018"
": ","07/05/2018"
"John Mulaney: Kid Gorgeous at Radio City","06/05/2018"
"Please Like Me: Season 1: Portuguese Custard Tarts","06/05/2018"
"Shadowhunters: The Mortal Instruments: Season 3: Salt in the Wound","04/05/2018"
": ","03/05/2018"
": ","02/05/2018"
": ","02/05/2018"
": ","02/05/2018"
": ","02/05/2018"
": ","02/05/2018"
": ","02/05/2018"
": ","02/05/2018"
": ","02/05/2018"
": ","02/05/2018"
": ","02/05/2018"
": ","02/05/2018"
": ","02/05/2018"
": ","02/05/2018"
"Please Like Me: Season 1: French Toast","02/05/2018"
"Shadowhunters: The Mortal Instruments: Season 3: A Window Into an Empty Room","27/04/2018"
": ","24/04/2018"
"Lost in Space: Season 1: Danger, Will Robinson","21/04/2018"
"Lost in Space: Season 1: Resurrection","21/04/2018"
"Lost in Space: Season 1: Trajectory","21/04/2018"
"Lost in Space: Season 1: Pressurized","21/04/2018"
"Lost in Space: Season 1: Eulogy","21/04/2018"
"Lost in Space: Season 1: Transmission","21/04/2018"
"Lost in Space: Season 1: The Robinsons Were Here","20/04/2018"
"Lost in Space: Season 1: Infestation","19/04/2018"
"Lost in Space: Season 1: Diamonds In The Sky","19/04/2018"
"Lost in Space: Season 1: Impact","18/04/2018"
"Shadowhunters: The Mortal Instruments: Season 3: Stronger Than Heaven","18/04/2018"
": ","17/04/2018"
": ","17/04/2018"
": ","17/04/2018"
": ","15/04/2018"
"Shadowhunters: The Mortal Instruments: Season 3: Thy Soul Instructed","12/04/2018"
"Shadowhunters: The Mortal Instruments: Season 3: What Lies Beneath","10/04/2018"
": ","09/04/2018"
": ","08/04/2018"
": ","08/04/2018"
": ","01/04/2018"
": ","01/04/2018"
": ","31/03/2018"
": ","31/03/2018"
": ","30/03/2018"
": ","30/03/2018"
": ","30/03/2018"
": ","29/03/2018"
": ","29/03/2018"
": ","28/03/2018"
": ","28/03/2018"
"Shadowhunters: The Mortal Instruments: Season 3: The Powers That Be","28/03/2018"
": ","28/03/2018"
": ","28/03/2018"
": ","27/03/2018"
": ","26/03/2018"
": ","26/03/2018"
": ","26/03/2018"
": ","26/03/2018"
": ","26/03/2018"
": ","26/03/2018"
": ","26/03/2018"
": ","25/03/2018"
": ","25/03/2018"
": ","25/03/2018"
": ","25/03/2018"
": ","25/03/2018"
": ","25/03/2018"
": ","25/03/2018"
": ","24/03/2018"
": ","24/03/2018"
": ","24/03/2018"
"The World's Most Extraordinary Homes: Season 1: Underground","24/03/2018"
"FullMetal Alchemist","22/03/2018"
"Abstract: The Art of Design: Season 1: Christoph Niemann: Illustration","22/03/2018"
"Shadowhunters: The Mortal Instruments: Season 3: On Infernal Ground","22/03/2018"
"RuPaul's Drag Race: Season 9: She Done Already Done Brought It On","21/03/2018"
"RuPaul's Drag Race: Season 9: Oh. My. Gaga!","21/03/2018"
": ","20/03/2018"
": ","20/03/2018"
": ","20/03/2018"
"Bill Nye Saves the World: Season 1: Tune Your Quack-o-Meter","19/03/2018"
"Bill Nye Saves the World: Season 1: The Sexual Spectrum","19/03/2018"
": ","19/03/2018"
"A Series of Unfortunate Events: Season 1: The Bad Beginning: Part One","19/03/2018"
"Bill Nye Saves the World: Season 1: Machines Take Over the World","19/03/2018"
": ","16/03/2018"
": ","16/03/2018"
": ","16/03/2018"
": ","16/03/2018"
"Black Mirror: Season 1: The Entire History of You","15/03/2018"
"Queer Eye: Season 1: Hose Before Bros","14/03/2018"
"The Great Gatsby","12/03/2018"
"Sherlock: Series 4: The Final Problem","11/03/2018"
"Queer Eye: Season 1: Below Average Joe","11/03/2018"
"The World's Most Extraordinary Homes: Season 1: Mountain","10/03/2018"
"Queer Eye: Season 1: Dega Don't","08/03/2018"
"Queer Eye: Season 1: The Renaissance of Remington","08/03/2018"
"Queer Eye: Season 1: Camp Rules","08/03/2018"
"Queer Eye: Season 1: To Gay or Not Too Gay","07/03/2018"
"Queer Eye: Season 1: Saving Sasquatch","07/03/2018"
"Handsome Devil","06/03/2018"
"Queer Eye: Season 1: You Can't Fix Ugly","06/03/2018"
"Shadowhunters: The Mortal Instruments: Season 2: Beside Still Water","05/03/2018"
"Shadowhunters: The Mortal Instruments: Season 2: Hail and Farewell","05/03/2018"
"Shadowhunters: The Mortal Instruments: Season 2: Awake, Arise, or be Forever Fallen","05/03/2018"
"Shadowhunters: The Mortal Instruments: Season 2: A Dark Reflection","04/03/2018"
"Shadowhunters: The Mortal Instruments: Season 2: Day of Atonement","04/03/2018"
"Shadowhunters: The Mortal Instruments: Season 2: A Problem of Memory","04/03/2018"
"Shadowhunters: The Mortal Instruments: Season 2: The Fair Folk","04/03/2018"
"Shadowhunters: The Mortal Instruments: Season 2: Those of Demon Blood","04/03/2018"
"Shadowhunters: The Mortal Instruments: Season 2: You Are Not Your Own","04/03/2018"
"Shadowhunters: The Mortal Instruments: Season 2: Mea Maxima Culpa","03/03/2018"
"Shadowhunters: The Mortal Instruments: Season 2: By the Light of Dawn","03/03/2018"
"Shadowhunters: The Mortal Instruments: Season 2: Bound By Blood","02/03/2018"
"Shadowhunters: The Mortal Instruments: Season 2: Love Is A Devil","02/03/2018"
"Shadowhunters: The Mortal Instruments: Season 2: How Are Thou Fallen","02/03/2018"
"Shadowhunters: The Mortal Instruments: Season 2: Iron Sisters","01/03/2018"
"Shadowhunters: The Mortal Instruments: Season 2: Dust and Shadows","01/03/2018"
"Shadowhunters: The Mortal Instruments: Season 2: Day of Wrath","01/03/2018"
"Shadowhunters: The Mortal Instruments: Season 2: Parabatai Lost","01/03/2018"
"Shadowhunters: The Mortal Instruments: Season 2: A Door Into the Dark","01/03/2018"
"Shadowhunters: The Mortal Instruments: Season 2: This Guilty Blood","01/03/2018"
"Bill Nye Saves the World: Season 1: Earth Is a Hot Mess","01/03/2018"
"Shadowhunters: The Mortal Instruments: Season 1: Morning Star","01/03/2018"
"Shadowhunters: The Mortal Instruments: Season 1: Malec","01/03/2018"
"Shadowhunters: The Mortal Instruments: Season 1: Blood Calls to Blood","01/03/2018"
"Shadowhunters: The Mortal Instruments: Season 1: This World Inverted","01/03/2018"
"Shadowhunters: The Mortal Instruments: Season 1: Rise Up","01/03/2018"
"Shadowhunters: The Mortal Instruments: Season 1: Bad Blood","01/03/2018"
"Shadowhunters: The Mortal Instruments: Season 1: Major Arcana","01/03/2018"
"Shadowhunters: The Mortal Instruments: Season 1: Of Men and Angels","01/03/2018"
"Shadowhunters: The Mortal Instruments: Season 1: Moo Shu to Go","28/02/2018"
"Shadowhunters: The Mortal Instruments: Season 1: Raising Hell","28/02/2018"
"Shadowhunters: The Mortal Instruments: Season 1: Dead Man's Party","28/02/2018"
"Black Mirror: Season 1: Fifteen Million Merits","28/02/2018"
"Black Mirror: Season 4: USS Callister","28/02/2018"
"Sense8: Season 2: You Want a War?","25/02/2018"
"Sense8: Season 2: If All the World's a Stage, Identity Is Nothing But a Costume","25/02/2018"
"Sense8: Season 2: What Family Actually Means","22/02/2018"
"Sense8: Season 2: All I Want Right Now Is One More Bullet","14/02/2018"
"Holding the Man","13/02/2018"
"Black Mirror: Season 1: The National Anthem","07/02/2018"
"Stranger Things: Chapter One: The Vanishing of Will Byers","06/02/2018"
"The Spectacular Now","24/10/2017"
"Modern Family: Season 1: En Garde","24/10/2017"
"Modern Family: Season 1: Run for Your Wife","24/10/2017"
"Modern Family: Season 1: Coal Digger","23/10/2017"
"Modern Family: Season 1: The Incident","23/10/2017"
"Modern Family: Season 1: Come Fly with Me","23/10/2017"
"Modern Family: Season 1: The Bicycle Thief","23/10/2017"
"Modern Family: Season 1: Pilot","23/10/2017"
"Effi Briest","06/10/2017"
"Zwei an einem Tag","06/10/2017"
"Asterix & Obelix at the Olympics","24/08/2016"
